Symbol,Date,Open,High,Low,Close,Volume
ADDA.IDX,16-Feb-2017,24,24,-51,-46,0
ADDD.IDX,16-Feb-2017,2,2,-7,-4,0
ADDE.IDX,16-Feb-2017,415,436,-273,-62,0
ADDN.IDX,16-Feb-2017,436,436,-780,-314,0
ADDQ.IDX,16-Feb-2017,132,168,-874,-357,0
ADDS.IDX,16-Feb-2017,103,196,-62,196,0
ADDT.IDX,16-Feb-2017,592,592,-1667,-717,0
ADDV.IDX,16-Feb-2017,58,78,39,78,0
ADDX.IDX,16-Feb-2017,161,274,-9,274,0
ADR.IDX,16-Feb-2017,784.05,785.25,782.84,784.11,0
ADRA.IDX,16-Feb-2017,1.38,1.38,0.61,0.64,0
ADRD.IDX,16-Feb-2017,1.66,1.66,0.53,0.76,0
ADRE.IDX,16-Feb-2017,2.15,2.15,0.69,0.92,0
ADRN.IDX,16-Feb-2017,1.6,1.6,0.43,0.72,0
ADRQ.IDX,16-Feb-2017,1.15,1.18,0.44,0.73,0
ADRS.IDX,16-Feb-2017,1.27,1.34,0.91,1.27,0
ADRT.IDX,16-Feb-2017,1.35,1.35,0.45,0.72,0
ADRV.IDX,16-Feb-2017,1.35,1.35,1.11,1.2,0
ADRX.IDX,16-Feb-2017,1.29,1.33,0.99,1.24,0
ADVA.IDX,16-Feb-2017,86,100,82,85,48685600
ADVD.IDX,16-Feb-2017,5,15,5,13,1437200
ADVE.IDX,16-Feb-2017,774,817,614,799,677225000
ADVN.IDX,16-Feb-2017,1152,1152,609,842,1214856000
ADVQ.IDX,16-Feb-2017,1009,1079,707,992,768568900
ADVS.IDX,16-Feb-2017,482,916,482,916,172398400
ADVT.IDX,16-Feb-2017,2247,2301,1411,1919,2032110000
ADVV.IDX,16-Feb-2017,223,456,223,456,142844400
ADVX.IDX,16-Feb-2017,705,1372,705,1372,315242800
AEX.IDX,16-Feb-2017,494.82,495.84,492.93,493.98,0
AMZ.IDX,16-Feb-2017,339.16,339.2,334.6,334.77,0
ASHD.IDX,16-Feb-2017,74,983,74,924,0
ASHF.IDX,16-Feb-2017,10,394,-276,-133,0
ASHR.IDX,16-Feb-2017,1.13,1.95,0.71,0.85,0
ASHU.IDX,16-Feb-2017,84,824,84,791,0
ATX.IDX,16-Feb-2017,2807.62,2819.48,2795.83,2811.35,0
AVDA.IDX,16-Feb-2017,220.62,938.49,-2336.11,-1989.9,0
AVDD.IDX,16-Feb-2017,0.52,108.39,-55.22,94.44,0
AVDE.IDX,16-Feb-2017,2081.89,6301.73,-7264.75,6222.14,0
AVDS.IDX,16-Feb-2017,79.64,357.08,-5361.84,-4418.92,0
AVDV.IDX,16-Feb-2017,707.59,6441.54,707.59,6440.13,0
AVDX.IDX,16-Feb-2017,787.23,2021.21,-773.06,2021.21,0
AVLD.IDX,16-Feb-2017,0.36,613.4,0.36,587.14,0
AVLF.IDX,16-Feb-2017,1.61,60.86,-145.91,43.72,0
AVLR.IDX,16-Feb-2017,5.38,5.38,0.76,1.07,0
AVLU.IDX,16-Feb-2017,1.98,632.3,1.98,630.87,0
AVRA.IDX,16-Feb-2017,3.76,3.76,0.65,0.7,0
AVRD.IDX,16-Feb-2017,1.33,5.68,0.1,2.91,0
AVRE.IDX,16-Feb-2017,2.78,3.04,0.79,1.1,0
AVRN.IDX,16-Feb-2017,0.95,1.07,0.4,0.54,0
AVRQ.IDX,16-Feb-2017,1.73,2.11,0.59,0.76,0
AVRS.IDX,16-Feb-2017,1.08,1.22,0.66,0.79,0
AVRT.IDX,16-Feb-2017,1.24,1.4,0.48,0.61,0
AVRV.IDX,16-Feb-2017,1.74,2.14,1.5,1.82,0
AVRX.IDX,16-Feb-2017,1.41,1.41,0.96,1.06,0
AVVA.IDX,16-Feb-2017,3,49.86,3,48.68,0
AVVD.IDX,16-Feb-2017,0.02,1.43,0.02,1.43,0
AVVE.IDX,16-Feb-2017,32.48,677.22,32.48,677.22,0
AVVN.IDX,16-Feb-2017,50.55,1214.85,50.55,1214.85,0
AVVQ.IDX,16-Feb-2017,46.64,768.56,46.64,768.56,0
AVVS.IDX,16-Feb-2017,10.44,172.39,10.44,172.39,0
AVVT.IDX,16-Feb-2017,100.2,2032.11,100.2,2032.11,0
AVVV.IDX,16-Feb-2017,16.61,142.84,16.61,142.84,0
AVVX.IDX,16-Feb-2017,27.06,315.24,27.06,315.24,0
BANK.IDX,16-Feb-2017,3909.9,3922.02,3887.75,3920.17,0
BCMA.IDX,16-Feb-2017,2009,2051,1180,1693,0
BCMC.IDX,16-Feb-2017,100.05,100.12,99.93,100.12,0
BCMD.IDX,16-Feb-2017,1478,2761,1478,2306,0
BCME.IDX,16-Feb-2017,391,674,391,674,0
BCMF.IDX,16-Feb-2017,334,587,334,526,0
BCMG.IDX,16-Feb-2017,91,119,91,94,0
BCMM.IDX,16-Feb-2017,100.08,100.13,99.41,99.73,0
BCMU.IDX,16-Feb-2017,317,317,130,174,0
BDMA.IDX,16-Feb-2017,2326,2512,2326,2512,0
BDMC.IDX,16-Feb-2017,100.28,100.28,100.23,100.24,0
BDMD.IDX,16-Feb-2017,1327,1468,1327,1468,0
BDME.IDX,16-Feb-2017,478,736,478,736,0
BDMF.IDX,16-Feb-2017,280,438,280,438,0
BDMG.IDX,16-Feb-2017,57,118,57,118,0
BDMM.IDX,16-Feb-2017,100.5,100.5,100.45,100.45,0
BDMU.IDX,16-Feb-2017,151,193,151,193,0
BFMA.IDX,16-Feb-2017,2758,2991,2758,2991,0
BFMC.IDX,16-Feb-2017,100.28,100.28,100.23,100.24,0
BFMD.IDX,16-Feb-2017,911,1018,911,1018,0
BFME.IDX,16-Feb-2017,477,726,477,726,0
BFMF.IDX,16-Feb-2017,285,465,285,465,0
BFMG.IDX,16-Feb-2017,51,100,51,100,0
BFMM.IDX,16-Feb-2017,101.1,101.1,101.04,101.05,0
BFMU.IDX,16-Feb-2017,135,164,135,164,0
BFX.IDX,16-Feb-2017,3619.78,3628.05,3614.08,3619.27,0
BGMA.IDX,16-Feb-2017,950,1061,950,1061,0
BGMC.IDX,16-Feb-2017,100.11,100.11,100.04,100.05,0
BGMD.IDX,16-Feb-2017,2716,2936,2716,2936,0
BGME.IDX,16-Feb-2017,374,576,374,576,0
BGMF.IDX,16-Feb-2017,386,613,386,613,0
BGMG.IDX,16-Feb-2017,49,97,49,97,0
BGMM.IDX,16-Feb-2017,99.3,99.32,99.3,99.32,0
BGMU.IDX,16-Feb-2017,137,175,137,175,0
BJE.IDX,16-Feb-2017,172.99,174.5,169.78,171.79,0
BKNIF.IDX,16-Feb-2017,20243.25,20295.55,20088.2,20243.7,0
BKX.IDX,16-Feb-2017,96.65,96.84,95.79,96.46,0
BSESN.IDX,16-Feb-2017,28223.85,28327.84,28146.19,28301.27,0
BTK.IDX,16-Feb-2017,3469.56,3489.92,3395.52,3435.8,0
BTS.IDX,16-Feb-2017,3201.68,3201.68,3201.68,3201.68,0
BVSP.IDX,16-Feb-2017,67978.7734,68455.8516,67661.4219,67814.2422,0
BWH.IDX,16-Feb-2017,173.1,176.34,169.59,170.51,0
BXD.IDX,16-Feb-2017,289.57,289.71,289.04,289.55,0
BXM.IDX,16-Feb-2017,1253.23,1253.88,1252.89,1253.52,0
BXN.IDX,16-Feb-2017,516.68,516.73,516.2,516.66,0
BXR.IDX,16-Feb-2017,241.81,241.93,241.22,241.69,0
BXY.IDX,16-Feb-2017,1736.23,1737.28,1735.31,1736.62,0
BZJ.IDX,16-Feb-2017,61.22,61.35,60.5,60.55,0
CAC40.IDX,16-Feb-2017,4925.54,4928.25,4890.48,4899.46,0
CASE.IDX,16-Feb-2017,12448.4,12666.8,12448.4,12652,167811000
CELS.IDX,16-Feb-2017,219.25,220.17,217.53,218.31,0
CEX.IDX,16-Feb-2017,536.86,539.98,535.38,537.08,0
CIV.IDX,16-Feb-2017,18.86,19.2,18.5,18.79,0
CKG.IDX,16-Feb-2017,630.98,631.74,626.32,630.98,0
COMP.IDX,16-Feb-2017,5823.01,5835.15,5796.71,5814.9,0
CPH.IDX,16-Feb-2017,249.69,249.69,249.69,249.69,0
CPR.IDX,16-Feb-2017,2.74,2.76,2.69,2.72,87012
CVK.IDX,16-Feb-2017,572.65,573.33,567.5,570.75,0
CYM.IDX,16-Feb-2017,20.77,20.82,20.73,20.76,0
CZH.IDX,16-Feb-2017,278.51,278.95,277.15,277.53,0
DAX.IDX,16-Feb-2017,11778.99,11814.7,11728.38,11757.24,0
DCFD.IDX,16-Feb-2017,70.76,81.53,56.92,81.53,0
DCFI.IDX,16-Feb-2017,75.38,80,72.3,80,0
DCOF.IDX,16-Feb-2017,75.38,80,75.38,80,0
DCOH.IDX,16-Feb-2017,70.76,75.38,69.23,72.3,0
DCSE.IDX,16-Feb-2017,20665.17,20706.26,20562.68,20691.89,0
DCTH.IDX,16-Feb-2017,72.3,73.84,69.23,73.84,0
DCTW.IDX,16-Feb-2017,76.92,83.07,76.92,83.07,0
DDA.IDX,16-Feb-2017,12.64,13.22,12.11,12.29,0
DDB.IDX,16-Feb-2017,11,11.73,10.84,10.87,0
DDO.IDX,16-Feb-2017,90.06,90.06,90.06,90.06,0
DDX.IDX,16-Feb-2017,95.99,96.9,95.25,95.57,0
DECA.IDX,16-Feb-2017,62,133,62,131,68584600
DECD.IDX,16-Feb-2017,3,17,3,17,492800
DECE.IDX,16-Feb-2017,359,958,359,861,615003600
DECN.IDX,16-Feb-2017,716,1389,716,1156,2244425000
DECQ.IDX,16-Feb-2017,877,1581,877,1349,1010223000
DECS.IDX,16-Feb-2017,379,750,379,720,216587600
DECT.IDX,16-Feb-2017,1655,3078,1655,2636,3323233000
DECV.IDX,16-Feb-2017,165,392,165,378,78443100
DECX.IDX,16-Feb-2017,544,1111,544,1098,295030700
DFI.IDX,16-Feb-2017,3866.06,3885.48,3836.91,3885.06,0
DGE.IDX,16-Feb-2017,881.08,881.48,866.87,873.59,0
DHC.IDX,16-Feb-2017,5546.2,5563.99,5502.11,5550.05,0
DHD.IDX,16-Feb-2017,1906.87,1913.84,1895.13,1913.1,0
DIFD.IDX,16-Feb-2017,90,93.33,73.33,86.66,0
DIFI.IDX,16-Feb-2017,80,80,76.66,80,0
DIOF.IDX,16-Feb-2017,83.33,86.66,83.33,86.66,0
DIOH.IDX,16-Feb-2017,80,83.33,76.66,83.33,0
DITH.IDX,16-Feb-2017,80,83.33,76.66,83.33,0
DITW.IDX,16-Feb-2017,83.33,83.33,83.33,83.33,0
DIVD.IDX,16-Feb-2017,7.54,7.88,7.54,7.88,0
DIVQ.IDX,16-Feb-2017,1698.66,1707.72,1697.29,1701.83,0
DJC.IDX,16-Feb-2017,7184.01,7188.59,7150.32,7181.24,0
DJEC.IDX,16-Feb-2017,748.36,750.78,744.56,746.02,0
DJI.IDX,16-Feb-2017,20627.31,20639.87,20556.83,20619.77,0
DJT.IDX,16-Feb-2017,9521.79,9524.18,9420.09,9474.98,0
DJU.IDX,16-Feb-2017,665.57,670.89,664.96,670.89,0
DJWO.IDX,16-Feb-2017,343.6,344.17,343.11,343.82,0
DLTC.IDX,16-Feb-2017,1241.36,1245.99,1239.49,1242.32,0
DMT.IDX,16-Feb-2017,9512.92,9523.71,9420.71,9474.98,0
DOI.IDX,16-Feb-2017,3744.72,3744.72,3744.72,3744.72,0
DOWE.IDX,16-Feb-2017,1606.48,1610.97,1601.22,1609.01,0
DRCI.IDX,16-Feb-2017,253.66,256.44,253.62,254.97,0
DREI.IDX,16-Feb-2017,343.62,347.44,343.56,345.24,0
DRG.IDX,16-Feb-2017,504.34,504.85,500.78,504.06,0
DRO.IDX,16-Feb-2017,482.34,482.34,482.34,482.34,0
DSAE.IDX,16-Feb-2017,1066.6,1071.08,1061.96,1070.95,25708700
DSAF.IDX,16-Feb-2017,947.66,947.71,937.11,941.54,7423200
DSAG.IDX,16-Feb-2017,184.53,184.99,183.23,183.82,19295700
DSAI.IDX,16-Feb-2017,475.56,475.75,469.74,472.75,19602500
DSAL.IDX,16-Feb-2017,120.98,120.98,116.13,116.48,7038600
DSAM.IDX,16-Feb-2017,1144.72,1146,1138.77,1145.66,41560900
DSAP.IDX,16-Feb-2017,332.02,332.52,327.78,328.92,56839200
DSAR.IDX,16-Feb-2017,281.69,281.96,277.64,279.16,27315700
DSAS.IDX,16-Feb-2017,1053.76,1058.08,1049.77,1058,19107400
DSAT.IDX,16-Feb-2017,458.13,459.01,452.53,454.71,12448100
DSAU.IDX,16-Feb-2017,209.34,209.68,206.47,207.03,41067600
DSAV.IDX,16-Feb-2017,655.24,656.84,652.06,653.75,6574300
DSBC.IDX,16-Feb-2017,1282.67,1288.89,1279.56,1284.06,100475000
DSBD.IDX,16-Feb-2017,833.85,836.63,830,835.6,24816700
DSBE.IDX,16-Feb-2017,134.94,135.17,133.33,134,2710000
DSBK.IDX,16-Feb-2017,426.01,426.69,422.01,425.54,240081700
DSBM.IDX,16-Feb-2017,358.38,360.23,356.8,357.91,121053200
DSBS.IDX,16-Feb-2017,181.4,182.47,179.56,180.7,69357400
DSBT.IDX,16-Feb-2017,1744.88,1750.3,1720.4,1732.65,85772000
DSBV.IDX,16-Feb-2017,627.35,635.37,625.71,635.1,35703900
DSCA.IDX,16-Feb-2017,708.89,708.89,688.62,691.22,56547700
DSCC.IDX,16-Feb-2017,438.63,440.94,437.01,438.75,18942100
DSCE.IDX,16-Feb-2017,765.56,765.56,763.84,764.73,824000
DSCF.IDX,16-Feb-2017,246.61,247.29,243.13,244.17,55890900
DSCG.IDX,16-Feb-2017,1015.94,1016.81,1009.29,1011.07,167052200
DSCH.IDX,16-Feb-2017,578.03,581.08,575.86,577.62,51695700
DSCL.IDX,16-Feb-2017,42.18,42.37,41.94,42.08,4570600
DSCM.IDX,16-Feb-2017,510.54,512.98,505.36,512.68,45147600
DSCN.IDX,16-Feb-2017,659.98,661.75,655.59,660.92,32979900
DSCP.IDX,16-Feb-2017,357.75,360.47,357.75,359.6,19375900
DSCR.IDX,16-Feb-2017,1922.01,1925.82,1911,1916.62,69186100
DSCS.IDX,16-Feb-2017,1085.77,1088.23,1080.11,1083.91,45511500
DSCT.IDX,16-Feb-2017,967.11,979.26,967.11,972.41,92588900
DSCX.IDX,16-Feb-2017,846.66,852.1,843.21,845.21,32753600
DSCY.IDX,16-Feb-2017,808.89,809.92,804.89,806.61,546478300
DSDB.IDX,16-Feb-2017,1052.3,1068.38,1049.22,1062.85,1864800
DSDN.IDX,16-Feb-2017,368.85,370.57,367.05,370.51,6601300
DSDR.IDX,16-Feb-2017,642.08,645.71,639.66,644.71,71594500
DSDS.IDX,16-Feb-2017,306.05,307.78,304.19,307.68,3794600
DSDT.IDX,16-Feb-2017,82.12,82.99,82.12,82.59,5719600
DSDV.IDX,16-Feb-2017,151.83,152.56,151.27,151.67,17543700
DSEC.IDX,16-Feb-2017,311.02,311.76,308.83,310.54,10395800
DSEE.IDX,16-Feb-2017,346.53,346.82,342.95,345.01,29998300
DSEH.IDX,16-Feb-2017,92.55,93.05,92.42,92.99,508900
DSEN.IDX,16-Feb-2017,599.19,600.54,590.17,590.74,368789700
DSES.IDX,16-Feb-2017,140.84,141.71,139.15,140.02,7388200
DSEU.IDX,16-Feb-2017,232.04,233.67,231.92,233.66,61181900
DSFA.IDX,16-Feb-2017,314.81,316.05,313.75,315.48,24211100
DSFB.IDX,16-Feb-2017,573.61,575.02,568.33,572.27,124290700
DSFC.IDX,16-Feb-2017,178.97,179.99,178.57,179.86,66843300
DSFD.IDX,16-Feb-2017,336.48,338.31,335.67,337.39,38445400
DSFE.IDX,16-Feb-2017,521.06,522.02,516.78,519.77,19639800
DSFH.IDX,16-Feb-2017,404.86,406.46,399.88,402.36,6638900
DSFI.IDX,16-Feb-2017,790.8,791.46,783.93,787.62,116285200
DSFN.IDX,16-Feb-2017,526.37,527.49,524.08,526.78,612712300
DSFO.IDX,16-Feb-2017,403.82,404.87,396.27,397.13,88586800
DSFP.IDX,16-Feb-2017,558.75,560.2,548.3,549.49,88586800
DSFR.IDX,16-Feb-2017,164.21,164.83,161.7,163.3,1427400
DSFT.IDX,16-Feb-2017,1043.44,1043.98,1029.43,1032.2,13189700
DSFV.IDX,16-Feb-2017,558.95,559.72,554.08,557.71,0
DSGF.IDX,16-Feb-2017,886.52,887.27,878.83,882.96,116285200
DSGI.IDX,16-Feb-2017,523.06,524.74,522.31,524.69,55871900
DSGT.IDX,16-Feb-2017,904.05,905.48,897.13,898.98,189442300
DSGU.IDX,16-Feb-2017,273.94,275.54,273.32,275.5,6176400
DSHB.IDX,16-Feb-2017,593.71,595.58,586.79,587.44,10075900
DSHC.IDX,16-Feb-2017,782.58,782.92,775.52,781.07,305604400
DSHD.IDX,16-Feb-2017,320.23,321.53,317.31,318.18,5377200
DSHG.IDX,16-Feb-2017,624.28,625.34,621.66,622.59,38459600
DSHI.IDX,16-Feb-2017,297.14,298.26,293.57,295.13,9242000
DSHL.IDX,16-Feb-2017,121.18,122.3,120.49,120.61,20086300
DSHN.IDX,16-Feb-2017,729.45,731.29,726.96,729.33,16367400
DSHP.IDX,16-Feb-2017,1402.84,1403.8,1388.57,1401.02,58871500
DSHR.IDX,16-Feb-2017,1611.08,1612.23,1593.17,1600.36,19124500
DSHV.IDX,16-Feb-2017,473.66,473.73,466.1,472.92,8163200
DSIB.IDX,16-Feb-2017,254.17,256.05,253.74,255.94,3417000
DSID.IDX,16-Feb-2017,594.69,596.39,593.51,596.33,36496000
DSIF.IDX,16-Feb-2017,51.6,52.87,51.55,52.57,17384600
DSIG.IDX,16-Feb-2017,651.49,652.19,648.21,652.19,240559600
DSIL.IDX,16-Feb-2017,802.02,805.66,799.35,802.26,29737900
DSIM.IDX,16-Feb-2017,226.76,228.4,223.05,224.76,55914500
DSIN.IDX,16-Feb-2017,611.07,611.72,607.93,611.72,273539600
DSIO.IDX,16-Feb-2017,97.83,99.33,97.8,98.79,32156500
DSIP.IDX,16-Feb-2017,706.04,710.26,705.11,710.18,18808400
DSIQ.IDX,16-Feb-2017,1562.65,1564.25,1547.96,1555.98,38764300
DSIR.IDX,16-Feb-2017,547.23,550.03,546.48,549.91,74204100
DSIS.IDX,16-Feb-2017,383.57,385.44,383.13,385.4,53150100
DSIT.IDX,16-Feb-2017,859.4,860.06,849.79,857.07,37066000
DSIU.IDX,16-Feb-2017,216.78,217.53,215.51,217.47,4856100
DSIV.IDX,16-Feb-2017,470.33,473.02,469.66,472.87,11137700
DSIX.IDX,16-Feb-2017,497.21,500.33,496.57,500.22,44466200
DSLE.IDX,16-Feb-2017,528.77,530.3,525.98,527.79,24797000
DSLG.IDX,16-Feb-2017,1448.91,1472.53,1445.52,1454.48,11335500
DSLW.IDX,16-Feb-2017,935.48,937.34,930.21,933.3,0
DSMC.IDX,16-Feb-2017,1030.74,1030.78,1022.97,1030.23,108366800
DSME.IDX,16-Feb-2017,863.48,867.42,861.19,864.11,118389200
DSMF.IDX,16-Feb-2017,6.23,6.24,6.18,6.2,7515600
DSMG.IDX,16-Feb-2017,82.32,83.27,82.32,83.04,12015300
DSMR.IDX,16-Feb-2017,57.51,58.3,57.51,58.3,33866100
DSMS.IDX,16-Feb-2017,749.14,749.54,742.17,745.38,7934300
DSMT.IDX,16-Feb-2017,236.51,238.64,230.76,232.73,316000
DSMU.IDX,16-Feb-2017,177.53,180.27,177.14,180.16,16298600
DSNC.IDX,16-Feb-2017,588.86,589.78,585.67,587.42,375465500
DSNF.IDX,16-Feb-2017,205.07,206.54,200.79,201.59,24666600
DSNG.IDX,16-Feb-2017,720.26,721.35,716.86,719.76,194335400
DSNS.IDX,16-Feb-2017,1239.96,1245.49,1239.25,1243.86,71265600
DSOE.IDX,16-Feb-2017,103.56,104.34,102.71,102.94,1874800
DSOG.IDX,16-Feb-2017,616.98,618.49,607.65,608.31,228832400
DSOI.IDX,16-Feb-2017,519.9,521.42,512.6,513.14,92482200
DSOL.IDX,16-Feb-2017,571.28,572.51,563.18,564.03,24912600
DSOQ.IDX,16-Feb-2017,568.05,569.38,559.59,559.98,137061900
DSOS.IDX,16-Feb-2017,703.16,705.94,691.6,692.22,203919700
DSPB.IDX,16-Feb-2017,306.22,307.71,303.22,304.59,11339800
DSPC.IDX,16-Feb-2017,222.83,226.92,222.35,225.87,11296500
DSPG.IDX,16-Feb-2017,490.34,490.95,485.08,488.54,114228400
DSPL.IDX,16-Feb-2017,706.51,707.31,693.67,694.48,44579600
DSPM.IDX,16-Feb-2017,79.74,80.97,79.74,80.68,6484900
DSPN.IDX,16-Feb-2017,683.92,684.4,676.77,681.89,197237500
DSPP.IDX,16-Feb-2017,135.72,136.23,133.64,134.97,1427400
DSPR.IDX,16-Feb-2017,504.94,505.66,500.75,504.68,111465500
DSPT.IDX,16-Feb-2017,69.36,69.56,69.2,69.56,744000
DSRA.IDX,16-Feb-2017,789.01,789.84,773.78,776.31,43234400
DSRB.IDX,16-Feb-2017,1001.22,1004.07,999.06,1001.89,43704400
DSRD.IDX,16-Feb-2017,1148.85,1156.81,1142.96,1154.22,33149100
DSRE.IDX,16-Feb-2017,309.68,313.02,309.6,311.18,182141100
DSRH.IDX,16-Feb-2017,330.5,332.47,327.74,329.59,7897100
DSRI.IDX,16-Feb-2017,128.76,130.18,128.73,129.41,174244000
DSRL.IDX,16-Feb-2017,120.88,122.07,120.84,121.15,34135800
DSRN.IDX,16-Feb-2017,185.35,186.87,185.25,186.49,7369900
DSRP.IDX,16-Feb-2017,333.69,334.28,328.03,330.1,2324800
DSRQ.IDX,16-Feb-2017,127.92,127.92,126.61,127.13,8696300
DSRR.IDX,16-Feb-2017,1536.07,1540.87,1518.97,1536.96,23579800
DSRS.IDX,16-Feb-2017,1103.71,1105.65,1089.07,1091.55,47749800
DSRT.IDX,16-Feb-2017,882.65,884.24,878,879.81,261036900
DSRU.IDX,16-Feb-2017,1281.65,1282.92,1275.6,1278.96,34087000
DSSB.IDX,16-Feb-2017,1051.93,1052.11,1040.32,1046.08,29744700
DSSC.IDX,16-Feb-2017,2473.7,2479.75,2462.17,2477.62,192774400
DSSD.IDX,16-Feb-2017,568.85,576.47,567.02,576.05,30876600
DSSF.IDX,16-Feb-2017,211.98,212.31,210.16,211.23,52784000
DSSP.IDX,16-Feb-2017,157.35,157.95,156.38,157.54,6944900
DSSR.IDX,16-Feb-2017,177.48,179.55,177.46,178.23,40909600
DSST.IDX,16-Feb-2017,274.27,276.67,270.53,273.57,24209200
DSSV.IDX,16-Feb-2017,1653.9,1661.12,1650.76,1654.36,192875100
DSSW.IDX,16-Feb-2017,1423.18,1429.38,1417.44,1420.29,104065800
DSTB.IDX,16-Feb-2017,881.36,885.49,878.13,884.83,16850300
DSTC.IDX,16-Feb-2017,1353.26,1357.57,1350.04,1353.47,549299600
DSTK.IDX,16-Feb-2017,649.4,649.74,644.02,649.08,2103000
DSTL.IDX,16-Feb-2017,178.89,179.86,178.58,179.73,82467600
DSTP.IDX,16-Feb-2017,569.6,570.14,567.11,569.05,0
DSTQ.IDX,16-Feb-2017,1192.2,1194.42,1187.77,1192.27,356424400
DSTR.IDX,16-Feb-2017,124.87,125.13,123.52,124.35,3323500
DSTS.IDX,16-Feb-2017,258.67,259.05,253.95,256.32,3643900
DSTT.IDX,16-Feb-2017,621.41,624.26,617.79,619.44,29069800
DSTY.IDX,16-Feb-2017,793.93,797.69,790.74,794.13,21648100
DSUO.IDX,16-Feb-2017,252.88,255.89,252.58,255.88,23514600
DSUT.IDX,16-Feb-2017,245.5,247.57,245.37,247.57,84696600
DSVE.IDX,16-Feb-2017,232.32,233.95,232.2,233.95,61181900
DSVN.IDX,16-Feb-2017,329.39,332.97,328.6,332.97,2962400
DSWC.IDX,16-Feb-2017,332.91,335.58,332.01,333.45,15624300
DSWU.IDX,16-Feb-2017,1661.43,1676.85,1661.27,1671.77,1039600
DTCI.IDX,16-Feb-2017,1389.2,1405.26,1389.2,1397.2,0
DTEI.IDX,16-Feb-2017,1665.5,1684.93,1665.5,1674.27,0
DTFD.IDX,16-Feb-2017,80,80,30,65,0
DTFI.IDX,16-Feb-2017,85,85,70,75,0
DTFX.IDX,16-Feb-2017,118.3,119.02,118.29,118.94,0
DTOF.IDX,16-Feb-2017,75,75,75,75,0
DTOH.IDX,16-Feb-2017,80,80,80,80,0
DTTH.IDX,16-Feb-2017,90,90,80,85,0
DTTW.IDX,16-Feb-2017,85,85,80,80,0
DTWC.IDX,16-Feb-2017,15364.87,15370.15,15288.63,15354.44,0
DTWI.IDX,16-Feb-2017,43580.11,43639.33,43465.17,43596.83,0
DTWT.IDX,16-Feb-2017,14751.04,14751.04,14544.04,14628.63,0
DTWU.IDX,16-Feb-2017,2669.23,2695.29,2669.23,2695.28,0
DUBS.IDX,16-Feb-2017,89.11,89.15,88.46,88.48,0
DUFD.IDX,16-Feb-2017,20,93.33,20,93.33,0
DUFI.IDX,16-Feb-2017,53.33,86.66,53.33,86.66,0
DUOF.IDX,16-Feb-2017,60,73.33,60,73.33,0
DUOH.IDX,16-Feb-2017,40,53.33,40,40,0
DUSL.IDX,16-Feb-2017,493.2,493.55,491.13,492.9,0
DUSM.IDX,16-Feb-2017,919.06,920.99,914.41,916.93,0
DUSS.IDX,16-Feb-2017,970.11,972.12,963.49,967.83,0
DUTH.IDX,16-Feb-2017,33.33,40,33.33,40,0
DUTW.IDX,16-Feb-2017,53.33,86.66,53.33,86.66,0
DVAA.IDX,16-Feb-2017,22.7,22.7,22.7,22.7,0
DVAB.IDX,16-Feb-2017,49.06,49.06,49.04,49.04,0
DVCA.IDX,16-Feb-2017,0.79,68.58,0.79,68.58,0
DVCD.IDX,16-Feb-2017,0.01,0.69,0.01,0.49,0
DVCE.IDX,16-Feb-2017,11.66,615,11.66,615,0
DVCN.IDX,16-Feb-2017,53,2244.42,53,2244.42,0
DVCQ.IDX,16-Feb-2017,26.96,1010.22,26.96,1010.22,0
DVCS.IDX,16-Feb-2017,9.64,216.59,9.64,216.58,0
DVCT.IDX,16-Feb-2017,80.76,3323.23,80.76,3323.23,0
DVCV.IDX,16-Feb-2017,9.54,81.03,9.54,78.44,0
DVCX.IDX,16-Feb-2017,19.18,295.03,19.18,295.03,0
DVDE.IDX,16-Feb-2017,124.7,124.7,124.6,124.6,0
DVJN.IDX,16-Feb-2017,121.9,121.9,121.8,121.8,0
DVMR.IDX,16-Feb-2017,123.3,123.3,123.3,123.3,0
DVS.IDX,16-Feb-2017,78.8,81.1,78.8,81.1,0
DVST.IDX,16-Feb-2017,120.7,120.7,120.7,120.7,0
DWC.IDX,16-Feb-2017,22555.9492,24596.6738,22555.9492,24535.4336,0
DWCB.IDX,16-Feb-2017,5112.61,5121.81,5068.53,5111.18,0
DWE.IDX,16-Feb-2017,4538.59,4539.64,4450.14,4454.63,0
DWJ.IDX,16-Feb-2017,3962.71,3976.75,3959.76,3976.11,0
DWO.IDX,16-Feb-2017,1777.89,1778.22,1736.3,1741.13,0
DWR.IDX,16-Feb-2017,4712.1,4726.97,4666.68,4681.6,0
DWU.IDX,16-Feb-2017,3104.97,3119.14,3103.84,3117.51,0
DWY.IDX,16-Feb-2017,3284.03,3298.52,3275.87,3283,0
DXG.IDX,16-Feb-2017,4896.47,4896.47,4896.47,4896.47,0
DXS.IDX,16-Feb-2017,5074.09,5086.8,5046.01,5086.71,0
DXY.IDX,16-Feb-2017,101.05,101.07,100.41,100.5,0
DYH.IDX,16-Feb-2017,4182.25,4188.74,4155.2,4177.15,0
DYI.IDX,16-Feb-2017,3430.08,3433.07,3406.58,3420.3,0
DYO.IDX,16-Feb-2017,4382.33,4394.45,4351.57,4372.64,0
DZC.IDX,16-Feb-2017,6392.18,6420.33,6374.58,6395.05,0
DZE.IDX,16-Feb-2017,3801.13,3806.08,3773.99,3801.31,0
DZF.IDX,16-Feb-2017,3615.05,3621.38,3585.72,3595.27,0
DZH.IDX,16-Feb-2017,2481.03,2489.02,2466.05,2469.75,0
DZL.IDX,16-Feb-2017,5537.4,5537.4,5485.92,5499.84,0
DZM.IDX,16-Feb-2017,2907.57,2913.99,2895.75,2906.35,0
DZN.IDX,16-Feb-2017,4281.8,4304.26,4259.27,4282.98,0
DZO.IDX,16-Feb-2017,4870.42,4888.31,4774.37,4826.17,0
DZR.IDX,16-Feb-2017,5789.03,5790.87,5702.77,5766.73,0
ECO.IDX,16-Feb-2017,40.88,41.04,40.49,40.78,0
EED.IDX,16-Feb-2017,32.01,32.19,31.97,31.99,0
EVZ.IDX,16-Feb-2017,9.09,9.15,8.92,8.98,0
EZB.IDX,16-Feb-2017,5614.5,5636.64,5587.34,5603.8,0
EZF.IDX,16-Feb-2017,2975.94,2981.5,2962.96,2978.68,0
EZK.IDX,16-Feb-2017,3527.31,3531.24,3465.92,3469.45,0
EZL.IDX,16-Feb-2017,6401.24,6406.23,6353.37,6398.65,0
EZS.IDX,16-Feb-2017,3855.07,3860.98,3828.25,3840.6,0
EZV.IDX,16-Feb-2017,4156.38,4166.82,4126.23,4153.98,0
EZX.IDX,16-Feb-2017,6254.97,6266.66,6200.03,6255.14,0
EZZ.IDX,16-Feb-2017,3953.48,3955,3912.05,3921.13,0
FBV.IDX,16-Feb-2017,25.81,25.82,25.72,25.73,0
FTSA.IDX,16-Feb-2017,4031.98,4031.99,4008.86,4016.36,0
FTSE.IDX,16-Feb-2017,7302.41,7302.41,7260.74,7277.92,0
FTSEMIB.IDX,16-Feb-2017,19088.77,19156.65,18939.65,19087.54,0
FTSEMIBN.IDX,16-Feb-2017,19088.77,19156.65,18939.65,19087.54,0
FTSM.IDX,16-Feb-2017,18827.2,18841.38,18686.21,18705.72,0
FVX.IDX,16-Feb-2017,1.96,1.98,1.93,1.94,0
GDM.IDX,16-Feb-2017,694.08,704.98,693.72,703.9,0
GLD.IDX,16-Feb-2017,1233.45,1241.99,1230.16,1239.11,234492
GMI.IDX,16-Feb-2017,24.88,25.28,24.88,25.26,0
GNX.IDX,16-Feb-2017,405.47,406.93,402.46,403.7,0
GVX.IDX,16-Feb-2017,14.62,15.12,13.35,14.48,0
GVZ.IDX,16-Feb-2017,13.71,14.39,13.71,13.75,0
HGX.IDX,16-Feb-2017,255.58,256.19,253.39,254.29,0
HIGA.IDX,16-Feb-2017,4,4,4,4,0
HIGD.IDX,16-Feb-2017,8,8,8,8,0
HIGN.IDX,16-Feb-2017,169,169,169,169,0
HIGQ.IDX,16-Feb-2017,157,157,157,157,0
HIGS.IDX,16-Feb-2017,237,237,237,237,0
HIGV.IDX,16-Feb-2017,10,10,10,10,0
HKO.IDX,16-Feb-2017,482.27,482.44,479.83,482.12,0
HKX.IDX,16-Feb-2017,1183.67,1183.98,1177.56,1183.18,0
HSI.IDX,16-Feb-2017,24139.31,24161.39,23969.57,24107.7,0
HUI.IDX,16-Feb-2017,217.61,221.03,217.34,220.44,0
HUV.IDX,16-Feb-2017,165.49,165.49,165.49,165.49,0
HVX.IDX,16-Feb-2017,76.15,76.98,76.01,76.62,0
HWI.IDX,16-Feb-2017,720.75,724.84,715.52,716.82,0
HWO.IDX,16-Feb-2017,667.04,667.04,667.04,667.04,0
ICK.IDX,16-Feb-2017,76.02,76.44,75.91,76.22,0
IDX.IDX,16-Feb-2017,1734.89,1737.5,1725.42,1733.15,575987200
IEB.IDX,16-Feb-2017,3331.07,3334.49,3317.83,3331.54,0
IEK.IDX,16-Feb-2017,4030.21,4036.78,4006.8,4025.66,0
IEY.IDX,16-Feb-2017,4412.72,4418.82,4382.06,4408.45,0
ILH.IDX,16-Feb-2017,3105.93,3107.5,3085.95,3095.89,0
ILJ.IDX,16-Feb-2017,4869.67,4878.68,4839.96,4868.04,0
ILK.IDX,16-Feb-2017,4628.38,4643.53,4599.05,4638.32,0
ILP.IDX,16-Feb-2017,3727.42,3735.1,3712.71,3726.54,0
ILR.IDX,16-Feb-2017,4213,4220.1,4185.82,4213.86,0
ILU.IDX,16-Feb-2017,3804.39,3812.33,3777.8,3790.33,0
ILW.IDX,16-Feb-2017,3447.34,3454.23,3435.5,3454.19,0
ILZ.IDX,16-Feb-2017,4334.95,4341.01,4306.69,4324.73,0
INDS.IDX,16-Feb-2017,4782.68,4789.39,4756.24,4765.82,0
INSR.IDX,16-Feb-2017,8416.01,8456.9,8413.28,8455.83,0
IPSA.IDX,16-Feb-2017,4353.05,4367.72,4349.6,4363.72,0
IQX.IDX,16-Feb-2017,3679.55,3684.93,3658.74,3670,0
IQZ.IDX,16-Feb-2017,9945.49,9957.25,9882.89,9933.12,0
IRX.IDX,16-Feb-2017,0.51,0.51,0.5,0.5,0
ITAIM.IDX,16-Feb-2017,8141.82,8182.93,8141.82,8170.49,0
ITLMS.IDX,16-Feb-2017,20924.33,20986.11,20775.43,20905.27,0
ITLMSC.IDX,16-Feb-2017,22965.05,23032.44,22800.12,22942.17,0
ITMC.IDX,16-Feb-2017,33886.27,33950.79,33757.43,33845.82,0
ITSC.IDX,16-Feb-2017,19476.88,19565.77,19469.79,19512.31,0
ITSTAR.IDX,16-Feb-2017,29370.34,29371.68,29198.78,29233.46,0
IUX.IDX,16-Feb-2017,1403.6,1404.84,1391.87,1399.13,0
IVX.IDX,16-Feb-2017,1036.44,1037.06,1031.08,1034.64,0
IXB.IDX,16-Feb-2017,556.1,558.88,553.93,555.57,0
IXCO.IDX,16-Feb-2017,3197.56,3206.87,3192.17,3200.63,0
IXE.IDX,16-Feb-2017,734.14,734.42,721.79,722.49,0
IXF.IDX,16-Feb-2017,4129.98,4143.97,4108.25,4134.64,0
IXHC.IDX,16-Feb-2017,686.91,688.63,677.44,683.01,0
IXI.IDX,16-Feb-2017,657.38,657.61,653.4,657.6,0
IXM.IDX,16-Feb-2017,300.95,301.38,298.88,300.86,0
IXR.IDX,16-Feb-2017,543.06,544.21,540.4,543.57,0
IXT.IDX,16-Feb-2017,520.58,522.28,519.76,521.12,0
IXTC.IDX,16-Feb-2017,310.26,312.6,310.06,310.55,0
IXU.IDX,16-Feb-2017,495.36,499.28,494.65,499.27,0
IXV.IDX,16-Feb-2017,738.66,739.13,732.52,737.7,0
IXY.IDX,16-Feb-2017,874.37,875.19,869.12,871.01,0
JBV.IDX,16-Feb-2017,113.83,113.83,112.09,112.7,0
JKSE.IDX,16-Feb-2017,5389.069,5395.279,5357.712,5377.998,0
JPN.IDX,16-Feb-2017,207.65,207.66,206.41,206.61,0
JPV.IDX,16-Feb-2017,207.23,207.23,207.23,207.23,0
JX.IDX,16-Feb-2017,839.46,844.34,839.46,843.32,90674700
KBK.IDX,16-Feb-2017,100.59,100.97,100.16,100.81,0
KDX.IDX,16-Feb-2017,146.35,146.99,146.1,146.8,0
KDY.IDX,16-Feb-2017,438.77,438.77,438.77,438.77,0
KIX.IDX,16-Feb-2017,248.73,250.08,248.63,250.05,0
KLCI.IDX,16-Feb-2017,1707.61,1709.36,1705.7,1707.59,0
KLX.IDX,16-Feb-2017,44.5,45.05,44.28,44.44,0
KPX.IDX,16-Feb-2017,636.71,640.78,636.51,640.77,0
KRX.IDX,16-Feb-2017,113.21,113.52,112.38,113.51,0
KS11.IDX,16-Feb-2017,2088.09,2092.59,2078.35,2081.84,330466
KSX.IDX,16-Feb-2017,341.65,342.05,339.11,340.4,0
KYX.IDX,16-Feb-2017,100.82,102,100.81,101.09,0
LOWA.IDX,16-Feb-2017,0.01,0.01,0.01,0.01,0
LOWD.IDX,16-Feb-2017,0.01,0.01,0.01,0.01,0
LOWN.IDX,16-Feb-2017,5,5,5,5,0
LOWQ.IDX,16-Feb-2017,14,14,14,14,0
LOWS.IDX,16-Feb-2017,14,14,14,14,0
LOWV.IDX,16-Feb-2017,1,1,1,1,0
M1DA.IDX,16-Feb-2017,9,9,9,9,145900
M1DB.IDX,16-Feb-2017,4,4,4,4,2500
M1DC.IDX,16-Feb-2017,240,240,240,240,189600
M1DD.IDX,16-Feb-2017,1,1,1,1,1600
M1DE.IDX,16-Feb-2017,546,546,546,546,150300
M1DF.IDX,16-Feb-2017,22,22,22,22,6300
M1DG.IDX,16-Feb-2017,243,243,243,243,97200
M1DH.IDX,16-Feb-2017,614,614,614,614,469600
M1DI.IDX,16-Feb-2017,18,18,18,18,6900
M1DJ.IDX,16-Feb-2017,6,6,6,6,2800
M1DK.IDX,16-Feb-2017,25,25,25,25,7300
M1DL.IDX,16-Feb-2017,49,49,49,49,150800
M1DM.IDX,16-Feb-2017,12,12,12,12,3700
M1DN.IDX,16-Feb-2017,326,326,326,326,204600
M1DO.IDX,16-Feb-2017,29,29,29,29,10200
M1DP.IDX,16-Feb-2017,129,129,129,129,50800
M1DQ.IDX,16-Feb-2017,328,328,328,328,268200
M1DR.IDX,16-Feb-2017,9,9,9,9,2900
M1DS.IDX,16-Feb-2017,24,24,24,24,6200
M1DT.IDX,16-Feb-2017,-2,-2,-2,-2,3600
M1DU.IDX,16-Feb-2017,93,93,93,93,254600
M1DV.IDX,16-Feb-2017,570,570,570,570,365800
M1DW.IDX,16-Feb-2017,10,10,10,10,4900
M1DX.IDX,16-Feb-2017,663,663,663,663,620400
M1DY.IDX,16-Feb-2017,11,11,11,11,8600
M1DZ.IDX,16-Feb-2017,483,483,483,483,286800
M1HA.IDX,16-Feb-2017,30,30,30,30,145900
M1HB.IDX,16-Feb-2017,4,4,4,4,2500
M1HC.IDX,16-Feb-2017,338,338,338,338,189600
M1HD.IDX,16-Feb-2017,3,3,3,3,1600
M1HE.IDX,16-Feb-2017,591,591,591,591,150300
M1HF.IDX,16-Feb-2017,22,22,22,22,6300
M1HG.IDX,16-Feb-2017,272,272,272,272,97200
M1HH.IDX,16-Feb-2017,727,727,727,727,469600
M1HI.IDX,16-Feb-2017,18,18,18,18,6900
M1HJ.IDX,16-Feb-2017,7,7,7,7,2800
M1HK.IDX,16-Feb-2017,25,25,25,25,7300
M1HL.IDX,16-Feb-2017,168,168,168,168,150800
M1HM.IDX,16-Feb-2017,14,14,14,14,3700
M1HN.IDX,16-Feb-2017,412,412,412,412,204600
M1HO.IDX,16-Feb-2017,33,33,33,33,10200
M1HP.IDX,16-Feb-2017,142,142,142,142,50800
M1HQ.IDX,16-Feb-2017,453,453,453,453,268200
M1HR.IDX,16-Feb-2017,10,10,10,10,2900
M1HS.IDX,16-Feb-2017,25,25,25,25,6200
M1HT.IDX,16-Feb-2017,1,1,1,1,3600
M1HU.IDX,16-Feb-2017,175,175,175,175,254600
M1HV.IDX,16-Feb-2017,720,720,720,720,365800
M1HW.IDX,16-Feb-2017,12,12,12,12,4900
M1HX.IDX,16-Feb-2017,895,895,895,895,620400
M1HY.IDX,16-Feb-2017,16,16,16,16,8600
M1HZ.IDX,16-Feb-2017,610,610,610,610,286800
M1LA.IDX,16-Feb-2017,21,21,21,21,145900
M1LB.IDX,16-Feb-2017,0.01,0.01,0.01,0.01,2500
M1LC.IDX,16-Feb-2017,98,98,98,98,189600
M1LD.IDX,16-Feb-2017,2,2,2,2,1600
M1LE.IDX,16-Feb-2017,45,45,45,45,150300
M1LF.IDX,16-Feb-2017,0.01,0.01,0.01,0.01,6300
M1LG.IDX,16-Feb-2017,29,29,29,29,97200
M1LH.IDX,16-Feb-2017,113,113,113,113,469600
M1LI.IDX,16-Feb-2017,0.01,0.01,0.01,0.01,6900
M1LJ.IDX,16-Feb-2017,1,1,1,1,2800
M1LK.IDX,16-Feb-2017,0.01,0.01,0.01,0.01,7300
M1LL.IDX,16-Feb-2017,119,119,119,119,150800
M1LM.IDX,16-Feb-2017,2,2,2,2,3700
M1LN.IDX,16-Feb-2017,86,86,86,86,204600
M1LO.IDX,16-Feb-2017,4,4,4,4,10200
M1LP.IDX,16-Feb-2017,13,13,13,13,50800
M1LQ.IDX,16-Feb-2017,125,125,125,125,268200
M1LR.IDX,16-Feb-2017,1,1,1,1,2900
M1LS.IDX,16-Feb-2017,1,1,1,1,6200
M1LT.IDX,16-Feb-2017,3,3,3,3,3600
M1LU.IDX,16-Feb-2017,82,82,82,82,254600
M1LV.IDX,16-Feb-2017,150,150,150,150,365800
M1LW.IDX,16-Feb-2017,2,2,2,2,4900
M1LX.IDX,16-Feb-2017,232,232,232,232,620400
M1LY.IDX,16-Feb-2017,5,5,5,5,8600
M1LZ.IDX,16-Feb-2017,127,127,127,127,286800
M3DA.IDX,16-Feb-2017,8,8,8,8,145900
M3DB.IDX,16-Feb-2017,4,4,4,4,2500
M3DC.IDX,16-Feb-2017,108,108,108,108,189600
M3DD.IDX,16-Feb-2017,2,2,2,2,1600
M3DE.IDX,16-Feb-2017,464,464,464,464,150300
M3DF.IDX,16-Feb-2017,18,18,18,18,6300
M3DG.IDX,16-Feb-2017,187,187,187,187,97200
M3DH.IDX,16-Feb-2017,419,419,419,419,469600
M3DI.IDX,16-Feb-2017,10,10,10,10,6900
M3DJ.IDX,16-Feb-2017,4,4,4,4,2800
M3DK.IDX,16-Feb-2017,21,21,21,21,7300
M3DL.IDX,16-Feb-2017,44,44,44,44,150800
M3DM.IDX,16-Feb-2017,12,12,12,12,3700
M3DN.IDX,16-Feb-2017,262,262,262,262,204600
M3DO.IDX,16-Feb-2017,27,27,27,27,10200
M3DP.IDX,16-Feb-2017,94,94,94,94,50800
M3DQ.IDX,16-Feb-2017,193,193,193,193,268200
M3DR.IDX,16-Feb-2017,4,4,4,4,2900
M3DS.IDX,16-Feb-2017,14,14,14,14,6200
M3DT.IDX,16-Feb-2017,-2,-2,-2,-2,3600
M3DU.IDX,16-Feb-2017,71,71,71,71,254600
M3DV.IDX,16-Feb-2017,392,392,392,392,365800
M3DW.IDX,16-Feb-2017,6,6,6,6,4900
M3DX.IDX,16-Feb-2017,463,463,463,463,620400
M3DY.IDX,16-Feb-2017,9,9,9,9,8600
M3DZ.IDX,16-Feb-2017,295,295,295,295,286800
M3HA.IDX,16-Feb-2017,16,16,16,16,145900
M3HB.IDX,16-Feb-2017,4,4,4,4,2500
M3HC.IDX,16-Feb-2017,159,159,159,159,189600
M3HD.IDX,16-Feb-2017,2,2,2,2,1600
M3HE.IDX,16-Feb-2017,503,503,503,503,150300
M3HF.IDX,16-Feb-2017,18,18,18,18,6300
M3HG.IDX,16-Feb-2017,199,199,199,199,97200
M3HH.IDX,16-Feb-2017,466,466,466,466,469600
M3HI.IDX,16-Feb-2017,10,10,10,10,6900
M3HJ.IDX,16-Feb-2017,4,4,4,4,2800
M3HK.IDX,16-Feb-2017,21,21,21,21,7300
M3HL.IDX,16-Feb-2017,94,94,94,94,150800
M3HM.IDX,16-Feb-2017,12,12,12,12,3700
M3HN.IDX,16-Feb-2017,290,290,290,290,204600
M3HO.IDX,16-Feb-2017,27,27,27,27,10200
M3HP.IDX,16-Feb-2017,99,99,99,99,50800
M3HQ.IDX,16-Feb-2017,254,254,254,254,268200
M3HR.IDX,16-Feb-2017,4,4,4,4,2900
M3HS.IDX,16-Feb-2017,14,14,14,14,6200
M3HT.IDX,16-Feb-2017,0.01,0.01,0.01,0.01,3600
M3HU.IDX,16-Feb-2017,102,102,102,102,254600
M3HV.IDX,16-Feb-2017,458,458,458,458,365800
M3HW.IDX,16-Feb-2017,8,8,8,8,4900
M3HX.IDX,16-Feb-2017,560,560,560,560,620400
M3HY.IDX,16-Feb-2017,12,12,12,12,8600
M3HZ.IDX,16-Feb-2017,358,358,358,358,286800
M3LA.IDX,16-Feb-2017,8,8,8,8,145900
M3LB.IDX,16-Feb-2017,0.01,0.01,0.01,0.01,2500
M3LC.IDX,16-Feb-2017,51,51,51,51,189600
M3LD.IDX,16-Feb-2017,0.01,0.01,0.01,0.01,1600
M3LE.IDX,16-Feb-2017,39,39,39,39,150300
M3LF.IDX,16-Feb-2017,0.01,0.01,0.01,0.01,6300
M3LG.IDX,16-Feb-2017,12,12,12,12,97200
M3LH.IDX,16-Feb-2017,47,47,47,47,469600
M3LI.IDX,16-Feb-2017,0.01,0.01,0.01,0.01,6900
M3LJ.IDX,16-Feb-2017,0.01,0.01,0.01,0.01,2800
M3LK.IDX,16-Feb-2017,0.01,0.01,0.01,0.01,7300
M3LL.IDX,16-Feb-2017,50,50,50,50,150800
M3LM.IDX,16-Feb-2017,0.01,0.01,0.01,0.01,3700
M3LN.IDX,16-Feb-2017,28,28,28,28,204600
M3LO.IDX,16-Feb-2017,0.01,0.01,0.01,0.01,10200
M3LP.IDX,16-Feb-2017,5,5,5,5,50800
M3LQ.IDX,16-Feb-2017,61,61,61,61,268200
M3LR.IDX,16-Feb-2017,0.01,0.01,0.01,0.01,2900
M3LS.IDX,16-Feb-2017,0.01,0.01,0.01,0.01,6200
M3LT.IDX,16-Feb-2017,2,2,2,2,3600
M3LU.IDX,16-Feb-2017,31,31,31,31,254600
M3LV.IDX,16-Feb-2017,66,66,66,66,365800
M3LW.IDX,16-Feb-2017,2,2,2,2,4900
M3LX.IDX,16-Feb-2017,97,97,97,97,620400
M3LY.IDX,16-Feb-2017,3,3,3,3,8600
M3LZ.IDX,16-Feb-2017,63,63,63,63,286800
M5DA.IDX,16-Feb-2017,5,5,5,5,145900
M5DB.IDX,16-Feb-2017,7,7,7,7,2500
M5DC.IDX,16-Feb-2017,324,324,324,324,189600
M5DD.IDX,16-Feb-2017,4,4,4,4,1600
M5DE.IDX,16-Feb-2017,542,542,542,542,150300
M5DF.IDX,16-Feb-2017,29,29,29,29,6300
M5DG.IDX,16-Feb-2017,279,279,279,279,97200
M5DH.IDX,16-Feb-2017,701,701,701,701,469600
M5DI.IDX,16-Feb-2017,17,17,17,17,6900
M5DJ.IDX,16-Feb-2017,9,9,9,9,2800
M5DK.IDX,16-Feb-2017,34,34,34,34,7300
M5DL.IDX,16-Feb-2017,14,14,14,14,150800
M5DM.IDX,16-Feb-2017,16,16,16,16,3700
M5DN.IDX,16-Feb-2017,310,310,310,310,204600
M5DO.IDX,16-Feb-2017,47,47,47,47,10200
M5DP.IDX,16-Feb-2017,149,149,149,149,50800
M5DQ.IDX,16-Feb-2017,400,400,400,400,268200
M5DR.IDX,16-Feb-2017,10,10,10,10,2900
M5DS.IDX,16-Feb-2017,25,25,25,25,6200
M5DT.IDX,16-Feb-2017,-17,-17,-17,-17,3600
M5DU.IDX,16-Feb-2017,109,109,109,109,254600
M5DV.IDX,16-Feb-2017,606,606,606,606,365800
M5DW.IDX,16-Feb-2017,14,14,14,14,4900
M5DX.IDX,16-Feb-2017,715,715,715,715,620400
M5DY.IDX,16-Feb-2017,19,19,19,19,8600
M5DZ.IDX,16-Feb-2017,604,604,604,604,286800
M5HA.IDX,16-Feb-2017,68,68,68,68,145900
M5HB.IDX,16-Feb-2017,11,11,11,11,2500
M5HC.IDX,16-Feb-2017,716,716,716,716,189600
M5HD.IDX,16-Feb-2017,6,6,6,6,1600
M5HE.IDX,16-Feb-2017,728,728,728,728,150300
M5HF.IDX,16-Feb-2017,29,29,29,29,6300
M5HG.IDX,16-Feb-2017,436,436,436,436,97200
M5HH.IDX,16-Feb-2017,1306,1306,1306,1306,469600
M5HI.IDX,16-Feb-2017,25,25,25,25,6900
M5HJ.IDX,16-Feb-2017,10,10,10,10,2800
M5HK.IDX,16-Feb-2017,44,44,44,44,7300
M5HL.IDX,16-Feb-2017,414,414,414,414,150800
M5HM.IDX,16-Feb-2017,23,23,23,23,3700
M5HN.IDX,16-Feb-2017,743,743,743,743,204600
M5HO.IDX,16-Feb-2017,56,56,56,56,10200
M5HP.IDX,16-Feb-2017,223,223,223,223,50800
M5HQ.IDX,16-Feb-2017,909,909,909,909,268200
M5HR.IDX,16-Feb-2017,12,12,12,12,2900
M5HS.IDX,16-Feb-2017,33,33,33,33,6200
M5HT.IDX,16-Feb-2017,3,3,3,3,3600
M5HU.IDX,16-Feb-2017,455,455,455,455,254600
M5HV.IDX,16-Feb-2017,1265,1265,1265,1265,365800
M5HW.IDX,16-Feb-2017,23,23,23,23,4900
M5HX.IDX,16-Feb-2017,1720,1720,1720,1720,620400
M5HY.IDX,16-Feb-2017,33,33,33,33,8600
M5HZ.IDX,16-Feb-2017,1152,1152,1152,1152,286800
M5LA.IDX,16-Feb-2017,63,63,63,63,145900
M5LB.IDX,16-Feb-2017,4,4,4,4,2500
M5LC.IDX,16-Feb-2017,392,392,392,392,189600
M5LD.IDX,16-Feb-2017,2,2,2,2,1600
M5LE.IDX,16-Feb-2017,186,186,186,186,150300
M5LF.IDX,16-Feb-2017,0.01,0.01,0.01,0.01,6300
M5LG.IDX,16-Feb-2017,157,157,157,157,97200
M5LH.IDX,16-Feb-2017,605,605,605,605,469600
M5LI.IDX,16-Feb-2017,8,8,8,8,6900
M5LJ.IDX,16-Feb-2017,1,1,1,1,2800
M5LK.IDX,16-Feb-2017,10,10,10,10,7300
M5LL.IDX,16-Feb-2017,400,400,400,400,150800
M5LM.IDX,16-Feb-2017,7,7,7,7,3700
M5LN.IDX,16-Feb-2017,433,433,433,433,204600
M5LO.IDX,16-Feb-2017,9,9,9,9,10200
M5LP.IDX,16-Feb-2017,74,74,74,74,50800
M5LQ.IDX,16-Feb-2017,509,509,509,509,268200
M5LR.IDX,16-Feb-2017,2,2,2,2,2900
M5LS.IDX,16-Feb-2017,8,8,8,8,6200
M5LT.IDX,16-Feb-2017,20,20,20,20,3600
M5LU.IDX,16-Feb-2017,346,346,346,346,254600
M5LV.IDX,16-Feb-2017,659,659,659,659,365800
M5LW.IDX,16-Feb-2017,9,9,9,9,4900
M5LX.IDX,16-Feb-2017,1005,1005,1005,1005,620400
M5LY.IDX,16-Feb-2017,14,14,14,14,8600
M5LZ.IDX,16-Feb-2017,548,548,548,548,286800
M6DA.IDX,16-Feb-2017,8,8,8,8,145900
M6DB.IDX,16-Feb-2017,3,3,3,3,2500
M6DC.IDX,16-Feb-2017,108,108,108,108,189600
M6DD.IDX,16-Feb-2017,2,2,2,2,1600
M6DE.IDX,16-Feb-2017,332,332,332,332,150300
M6DF.IDX,16-Feb-2017,17,17,17,17,6300
M6DG.IDX,16-Feb-2017,134,134,134,134,97200
M6DH.IDX,16-Feb-2017,334,334,334,334,469600
M6DI.IDX,16-Feb-2017,10,10,10,10,6900
M6DJ.IDX,16-Feb-2017,0.01,0.01,0.01,0.01,2800
M6DK.IDX,16-Feb-2017,20,20,20,20,7300
M6DL.IDX,16-Feb-2017,22,22,22,22,150800
M6DM.IDX,16-Feb-2017,4,4,4,4,3700
M6DN.IDX,16-Feb-2017,189,189,189,189,204600
M6DO.IDX,16-Feb-2017,18,18,18,18,10200
M6DP.IDX,16-Feb-2017,67,67,67,67,50800
M6DQ.IDX,16-Feb-2017,159,159,159,159,268200
M6DR.IDX,16-Feb-2017,2,2,2,2,2900
M6DS.IDX,16-Feb-2017,6,6,6,6,6200
M6DT.IDX,16-Feb-2017,-2,-2,-2,-2,3600
M6DU.IDX,16-Feb-2017,66,66,66,66,254600
M6DV.IDX,16-Feb-2017,290,290,290,290,365800
M6DW.IDX,16-Feb-2017,8,8,8,8,4900
M6DX.IDX,16-Feb-2017,356,356,356,356,620400
M6DY.IDX,16-Feb-2017,7,7,7,7,8600
M6DZ.IDX,16-Feb-2017,242,242,242,242,286800
M6HA.IDX,16-Feb-2017,10,10,10,10,145900
M6HB.IDX,16-Feb-2017,3,3,3,3,2500
M6HC.IDX,16-Feb-2017,130,130,130,130,189600
M6HD.IDX,16-Feb-2017,2,2,2,2,1600
M6HE.IDX,16-Feb-2017,365,365,365,365,150300
M6HF.IDX,16-Feb-2017,17,17,17,17,6300
M6HG.IDX,16-Feb-2017,142,142,142,142,97200
M6HH.IDX,16-Feb-2017,351,351,351,351,469600
M6HI.IDX,16-Feb-2017,10,10,10,10,6900
M6HJ.IDX,16-Feb-2017,0.01,0.01,0.01,0.01,2800
M6HK.IDX,16-Feb-2017,20,20,20,20,7300
M6HL.IDX,16-Feb-2017,54,54,54,54,150800
M6HM.IDX,16-Feb-2017,4,4,4,4,3700
M6HN.IDX,16-Feb-2017,204,204,204,204,204600
M6HO.IDX,16-Feb-2017,18,18,18,18,10200
M6HP.IDX,16-Feb-2017,71,71,71,71,50800
M6HQ.IDX,16-Feb-2017,191,191,191,191,268200
M6HR.IDX,16-Feb-2017,2,2,2,2,2900
M6HS.IDX,16-Feb-2017,6,6,6,6,6200
M6HT.IDX,16-Feb-2017,0.01,0.01,0.01,0.01,3600
M6HU.IDX,16-Feb-2017,78,78,78,78,254600
M6HV.IDX,16-Feb-2017,327,327,327,327,365800
M6HW.IDX,16-Feb-2017,8,8,8,8,4900
M6HX.IDX,16-Feb-2017,405,405,405,405,620400
M6HY.IDX,16-Feb-2017,9,9,9,9,8600
M6HZ.IDX,16-Feb-2017,272,272,272,272,286800
M6LA.IDX,16-Feb-2017,2,2,2,2,145900
M6LB.IDX,16-Feb-2017,0.01,0.01,0.01,0.01,2500
M6LC.IDX,16-Feb-2017,22,22,22,22,189600
M6LD.IDX,16-Feb-2017,0.01,0.01,0.01,0.01,1600
M6LE.IDX,16-Feb-2017,33,33,33,33,150300
M6LF.IDX,16-Feb-2017,0.01,0.01,0.01,0.01,6300
M6LG.IDX,16-Feb-2017,8,8,8,8,97200
M6LH.IDX,16-Feb-2017,17,17,17,17,469600
M6LI.IDX,16-Feb-2017,0.01,0.01,0.01,0.01,6900
M6LJ.IDX,16-Feb-2017,0.01,0.01,0.01,0.01,2800
M6LK.IDX,16-Feb-2017,0.01,0.01,0.01,0.01,7300
M6LL.IDX,16-Feb-2017,32,32,32,32,150800
M6LM.IDX,16-Feb-2017,0.01,0.01,0.01,0.01,3700
M6LN.IDX,16-Feb-2017,15,15,15,15,204600
M6LO.IDX,16-Feb-2017,0.01,0.01,0.01,0.01,10200
M6LP.IDX,16-Feb-2017,4,4,4,4,50800
M6LQ.IDX,16-Feb-2017,32,32,32,32,268200
M6LR.IDX,16-Feb-2017,0.01,0.01,0.01,0.01,2900
M6LS.IDX,16-Feb-2017,0.01,0.01,0.01,0.01,6200
M6LT.IDX,16-Feb-2017,2,2,2,2,3600
M6LU.IDX,16-Feb-2017,12,12,12,12,254600
M6LV.IDX,16-Feb-2017,37,37,37,37,365800
M6LW.IDX,16-Feb-2017,0.01,0.01,0.01,0.01,4900
M6LX.IDX,16-Feb-2017,49,49,49,49,620400
M6LY.IDX,16-Feb-2017,2,2,2,2,8600
M6LZ.IDX,16-Feb-2017,30,30,30,30,286800
MADA.IDX,16-Feb-2017,6,6,6,6,145900
MADB.IDX,16-Feb-2017,2,2,2,2,2500
MADC.IDX,16-Feb-2017,96,96,96,96,189600
MADD.IDX,16-Feb-2017,1,1,1,1,1600
MADE.IDX,16-Feb-2017,287,287,287,287,150300
MADF.IDX,16-Feb-2017,16,16,16,16,6300
MADG.IDX,16-Feb-2017,117,117,117,117,97200
MADH.IDX,16-Feb-2017,293,293,293,293,469600
MADI.IDX,16-Feb-2017,7,7,7,7,6900
MADJ.IDX,16-Feb-2017,0.01,0.01,0.01,0.01,2800
MADK.IDX,16-Feb-2017,17,17,17,17,7300
MADL.IDX,16-Feb-2017,7,7,7,7,150800
MADM.IDX,16-Feb-2017,3,3,3,3,3700
MADN.IDX,16-Feb-2017,163,163,163,163,204600
MADO.IDX,16-Feb-2017,15,15,15,15,10200
MADP.IDX,16-Feb-2017,56,56,56,56,50800
MADQ.IDX,16-Feb-2017,131,131,131,131,268200
MADR.IDX,16-Feb-2017,1,1,1,1,2900
MADS.IDX,16-Feb-2017,4,4,4,4,6200
MADT.IDX,16-Feb-2017,0.01,0.01,0.01,0.01,3600
MADU.IDX,16-Feb-2017,51,51,51,51,254600
MADV.IDX,16-Feb-2017,249,249,249,249,365800
MADW.IDX,16-Feb-2017,7,7,7,7,4900
MADX.IDX,16-Feb-2017,300,300,300,300,620400
MADY.IDX,16-Feb-2017,6,6,6,6,8600
MADZ.IDX,16-Feb-2017,213,213,213,213,286800
MAHA.IDX,16-Feb-2017,7,7,7,7,145900
MAHB.IDX,16-Feb-2017,2,2,2,2,2500
MAHC.IDX,16-Feb-2017,108,108,108,108,189600
MAHD.IDX,16-Feb-2017,1,1,1,1,1600
MAHE.IDX,16-Feb-2017,318,318,318,318,150300
MAHF.IDX,16-Feb-2017,16,16,16,16,6300
MAHG.IDX,16-Feb-2017,119,119,119,119,97200
MAHH.IDX,16-Feb-2017,298,298,298,298,469600
MAHI.IDX,16-Feb-2017,7,7,7,7,6900
MAHJ.IDX,16-Feb-2017,0.01,0.01,0.01,0.01,2800
MAHK.IDX,16-Feb-2017,17,17,17,17,7300
MAHL.IDX,16-Feb-2017,32,32,32,32,150800
MAHM.IDX,16-Feb-2017,3,3,3,3,3700
MAHN.IDX,16-Feb-2017,168,168,168,168,204600
MAHO.IDX,16-Feb-2017,15,15,15,15,10200
MAHP.IDX,16-Feb-2017,57,57,57,57,50800
MAHQ.IDX,16-Feb-2017,155,155,155,155,268200
MAHR.IDX,16-Feb-2017,1,1,1,1,2900
MAHS.IDX,16-Feb-2017,4,4,4,4,6200
MAHT.IDX,16-Feb-2017,0.01,0.01,0.01,0.01,3600
MAHU.IDX,16-Feb-2017,59,59,59,59,254600
MAHV.IDX,16-Feb-2017,271,271,271,271,365800
MAHW.IDX,16-Feb-2017,7,7,7,7,4900
MAHX.IDX,16-Feb-2017,330,330,330,330,620400
MAHY.IDX,16-Feb-2017,7,7,7,7,8600
MAHZ.IDX,16-Feb-2017,227,227,227,227,286800
MALA.IDX,16-Feb-2017,1,1,1,1,145900
MALB.IDX,16-Feb-2017,0.01,0.01,0.01,0.01,2500
MALC.IDX,16-Feb-2017,12,12,12,12,189600
MALD.IDX,16-Feb-2017,0.01,0.01,0.01,0.01,1600
MALE.IDX,16-Feb-2017,31,31,31,31,150300
MALF.IDX,16-Feb-2017,0.01,0.01,0.01,0.01,6300
MALG.IDX,16-Feb-2017,2,2,2,2,97200
MALH.IDX,16-Feb-2017,5,5,5,5,469600
MALI.IDX,16-Feb-2017,0.01,0.01,0.01,0.01,6900
MALJ.IDX,16-Feb-2017,0.01,0.01,0.01,0.01,2800
MALK.IDX,16-Feb-2017,0.01,0.01,0.01,0.01,7300
MALL.IDX,16-Feb-2017,25,25,25,25,150800
MALM.IDX,16-Feb-2017,0.01,0.01,0.01,0.01,3700
MALN.IDX,16-Feb-2017,5,5,5,5,204600
MALO.IDX,16-Feb-2017,0.01,0.01,0.01,0.01,10200
MALP.IDX,16-Feb-2017,1,1,1,1,50800
MALQ.IDX,16-Feb-2017,24,24,24,24,268200
MALR.IDX,16-Feb-2017,0.01,0.01,0.01,0.01,2900
MALS.IDX,16-Feb-2017,0.01,0.01,0.01,0.01,6200
MALT.IDX,16-Feb-2017,0.01,0.01,0.01,0.01,3600
MALU.IDX,16-Feb-2017,8,8,8,8,254600
MALV.IDX,16-Feb-2017,22,22,22,22,365800
MALW.IDX,16-Feb-2017,0.01,0.01,0.01,0.01,4900
MALX.IDX,16-Feb-2017,30,30,30,30,620400
MALY.IDX,16-Feb-2017,1,1,1,1,8600
MALZ.IDX,16-Feb-2017,14,14,14,14,286800
MDO.IDX,16-Feb-2017,1730.16,1730.16,1730.16,1730.16,0
MERV.IDX,16-Feb-2017,19661.98,19744.39,19463.96,19563.21,0
MEV.IDX,16-Feb-2017,191.95,191.95,191.95,191.95,0
MGD.IDX,16-Feb-2017,777.37,778.66,773.54,777.06,0
MIA.IDX,16-Feb-2017,1730.16,1730.16,1730.16,1730.16,0
MID.IDX,16-Feb-2017,1734.81,1737.48,1725.42,1733.15,0
MIH.IDX,16-Feb-2017,1730.16,1730.16,1730.16,1730.16,0
MIV.IDX,16-Feb-2017,1725.8,1734.23,1725.8,1734.23,0
MLO.IDX,16-Feb-2017,837.09,839.71,834.3,836.68,0
MMFD.IDX,16-Feb-2017,66.19,66.19,47.12,55.4,0
MMFI.IDX,16-Feb-2017,66.37,66.56,62.42,64.65,0
MMOF.IDX,16-Feb-2017,72.55,72.55,70.91,71.5,0
MMOH.IDX,16-Feb-2017,74.73,74.73,71.94,72.92,0
MMTH.IDX,16-Feb-2017,74.02,74.02,72.36,72.84,0
MMTW.IDX,16-Feb-2017,72.21,72.21,65.31,67.09,0
MNFD.IDX,16-Feb-2017,67.98,67.98,67.4,67.45,0
MNFI.IDX,16-Feb-2017,66.79,66.79,65.82,65.82,0
MNG.IDX,16-Feb-2017,61.99,62.13,60.83,60.89,0
MNOF.IDX,16-Feb-2017,72.55,72.55,72.07,72.15,0
MNOH.IDX,16-Feb-2017,74.52,74.52,73.95,74.04,0
MNTH.IDX,16-Feb-2017,73.79,73.79,73.34,73.44,0
MNTW.IDX,16-Feb-2017,72.05,72.05,71.42,71.45,0
MOFD.IDX,16-Feb-2017,60.77,60.77,59.89,59.93,0
MOFI.IDX,16-Feb-2017,59.09,59.09,58.25,58.35,0
MOOF.IDX,16-Feb-2017,69.63,69.63,69.34,69.39,0
MOOH.IDX,16-Feb-2017,70.11,70.11,69.71,69.78,0
MOTH.IDX,16-Feb-2017,71.29,71.29,71.1,71.21,0
MOTW.IDX,16-Feb-2017,58.83,58.83,58.12,58.23,0
MPFD.IDX,16-Feb-2017,29.45,29.98,29.45,29.98,0
MPFI.IDX,16-Feb-2017,60.08,60.13,59.92,60.04,0
MPOF.IDX,16-Feb-2017,65.76,66.15,65.76,66.15,0
MPOH.IDX,16-Feb-2017,65.6,65.92,65.6,65.89,0
MPTH.IDX,16-Feb-2017,67.57,68.04,67.57,68.04,0
MPTW.IDX,16-Feb-2017,42.65,42.65,42.43,42.49,0
MSH.IDX,16-Feb-2017,1343.11,1346.82,1335.2,1339.07,0
MTFD.IDX,16-Feb-2017,58.7,61.59,56.99,61.59,0
MTFI.IDX,16-Feb-2017,75.73,78.8,75.73,78.51,0
MTOF.IDX,16-Feb-2017,72.54,76.31,72.54,76.04,0
MTOH.IDX,16-Feb-2017,74.63,78.92,74.63,78.59,0
MTTH.IDX,16-Feb-2017,74.75,79.12,74.75,78.82,0
MTTW.IDX,16-Feb-2017,72.79,74.42,70.86,74.42,0
MUFD.IDX,16-Feb-2017,62.82,62.82,59.92,59.98,0
MUFI.IDX,16-Feb-2017,75.46,78.4,75.46,78.4,0
MUOF.IDX,16-Feb-2017,73,75.66,73,75.61,0
MUOH.IDX,16-Feb-2017,74.35,77.39,74.35,77.39,0
MUTH.IDX,16-Feb-2017,74.84,77.94,74.84,77.94,0
MUTW.IDX,16-Feb-2017,72.39,73.09,72.23,72.67,0
MUV.IDX,16-Feb-2017,603.23,604.06,599.6,602.24,0
MVFD.IDX,16-Feb-2017,66.29,66.29,63.06,63.12,0
MVFI.IDX,16-Feb-2017,72.07,75.91,72.07,75.91,0
MVH.IDX,16-Feb-2017,1240.12,1240.12,1240.12,1240.12,0
MVOF.IDX,16-Feb-2017,70.35,74.42,70.35,74.28,0
MVOH.IDX,16-Feb-2017,73.18,76.35,73.18,76.29,0
MVTH.IDX,16-Feb-2017,73.18,76.91,73.18,76.91,0
MVTW.IDX,16-Feb-2017,67.28,70.28,67.28,70.17,0
MWFD.IDX,16-Feb-2017,40.66,43.03,40.66,43,0
MWFI.IDX,16-Feb-2017,71.19,76.04,71.19,76.04,0
MWOF.IDX,16-Feb-2017,66.13,68.88,66.13,68.74,0
MWOH.IDX,16-Feb-2017,65.88,68.65,65.88,68.5,0
MWTH.IDX,16-Feb-2017,69.22,72.55,69.22,72.47,0
MWTW.IDX,16-Feb-2017,56.11,62.52,56.11,62.44,0
MXX.IDX,16-Feb-2017,47165.68,47444.27,47121.18,47293.85,187267855
MXY.IDX,16-Feb-2017,200.07,200.09,198.13,198.49,0
MYDA.IDX,16-Feb-2017,9,9,9,9,145900
MYDB.IDX,16-Feb-2017,4,4,4,4,2500
MYDC.IDX,16-Feb-2017,145,145,145,145,189600
MYDD.IDX,16-Feb-2017,2,2,2,2,1600
MYDE.IDX,16-Feb-2017,513,513,513,513,150300
MYDF.IDX,16-Feb-2017,19,19,19,19,6300
MYDG.IDX,16-Feb-2017,225,225,225,225,97200
MYDH.IDX,16-Feb-2017,495,495,495,495,469600
MYDI.IDX,16-Feb-2017,15,15,15,15,6900
MYDJ.IDX,16-Feb-2017,4,4,4,4,2800
MYDK.IDX,16-Feb-2017,25,25,25,25,7300
MYDL.IDX,16-Feb-2017,44,44,44,44,150800
MYDM.IDX,16-Feb-2017,13,13,13,13,3700
MYDN.IDX,16-Feb-2017,287,287,287,287,204600
MYDO.IDX,16-Feb-2017,30,30,30,30,10200
MYDP.IDX,16-Feb-2017,118,118,118,118,50800
MYDQ.IDX,16-Feb-2017,243,243,243,243,268200
MYDR.IDX,16-Feb-2017,6,6,6,6,2900
MYDS.IDX,16-Feb-2017,21,21,21,21,6200
MYDT.IDX,16-Feb-2017,-1,-1,-1,-1,3600
MYDU.IDX,16-Feb-2017,68,68,68,68,254600
MYDV.IDX,16-Feb-2017,471,471,471,471,365800
MYDW.IDX,16-Feb-2017,7,7,7,7,4900
MYDX.IDX,16-Feb-2017,539,539,539,539,620400
MYDY.IDX,16-Feb-2017,12,12,12,12,8600
MYDZ.IDX,16-Feb-2017,370,370,370,370,286800
MYHA.IDX,16-Feb-2017,26,26,26,26,145900
MYHB.IDX,16-Feb-2017,4,4,4,4,2500
MYHC.IDX,16-Feb-2017,230,230,230,230,189600
MYHD.IDX,16-Feb-2017,3,3,3,3,1600
MYHE.IDX,16-Feb-2017,556,556,556,556,150300
MYHF.IDX,16-Feb-2017,19,19,19,19,6300
MYHG.IDX,16-Feb-2017,245,245,245,245,97200
MYHH.IDX,16-Feb-2017,582,582,582,582,469600
MYHI.IDX,16-Feb-2017,15,15,15,15,6900
MYHJ.IDX,16-Feb-2017,5,5,5,5,2800
MYHK.IDX,16-Feb-2017,25,25,25,25,7300
MYHL.IDX,16-Feb-2017,139,139,139,139,150800
MYHM.IDX,16-Feb-2017,14,14,14,14,3700
MYHN.IDX,16-Feb-2017,352,352,352,352,204600
MYHO.IDX,16-Feb-2017,32,32,32,32,10200
MYHP.IDX,16-Feb-2017,127,127,127,127,50800
MYHQ.IDX,16-Feb-2017,343,343,343,343,268200
MYHR.IDX,16-Feb-2017,6,6,6,6,2900
MYHS.IDX,16-Feb-2017,22,22,22,22,6200
MYHT.IDX,16-Feb-2017,1,1,1,1,3600
MYHU.IDX,16-Feb-2017,134,134,134,134,254600
MYHV.IDX,16-Feb-2017,587,587,587,587,365800
MYHW.IDX,16-Feb-2017,9,9,9,9,4900
MYHX.IDX,16-Feb-2017,721,721,721,721,620400
MYHY.IDX,16-Feb-2017,16,16,16,16,8600
MYHZ.IDX,16-Feb-2017,475,475,475,475,286800
MYLA.IDX,16-Feb-2017,17,17,17,17,145900
MYLB.IDX,16-Feb-2017,0.01,0.01,0.01,0.01,2500
MYLC.IDX,16-Feb-2017,85,85,85,85,189600
MYLD.IDX,16-Feb-2017,1,1,1,1,1600
MYLE.IDX,16-Feb-2017,43,43,43,43,150300
MYLF.IDX,16-Feb-2017,0.01,0.01,0.01,0.01,6300
MYLG.IDX,16-Feb-2017,20,20,20,20,97200
MYLH.IDX,16-Feb-2017,87,87,87,87,469600
MYLI.IDX,16-Feb-2017,0.01,0.01,0.01,0.01,6900
MYLJ.IDX,16-Feb-2017,1,1,1,1,2800
MYLK.IDX,16-Feb-2017,0.01,0.01,0.01,0.01,7300
MYLL.IDX,16-Feb-2017,95,95,95,95,150800
MYLM.IDX,16-Feb-2017,1,1,1,1,3700
MYLN.IDX,16-Feb-2017,65,65,65,65,204600
MYLO.IDX,16-Feb-2017,2,2,2,2,10200
MYLP.IDX,16-Feb-2017,9,9,9,9,50800
MYLQ.IDX,16-Feb-2017,100,100,100,100,268200
MYLR.IDX,16-Feb-2017,0.01,0.01,0.01,0.01,2900
MYLS.IDX,16-Feb-2017,1,1,1,1,6200
MYLT.IDX,16-Feb-2017,2,2,2,2,3600
MYLU.IDX,16-Feb-2017,66,66,66,66,254600
MYLV.IDX,16-Feb-2017,116,116,116,116,365800
MYLW.IDX,16-Feb-2017,2,2,2,2,4900
MYLX.IDX,16-Feb-2017,182,182,182,182,620400
MYLY.IDX,16-Feb-2017,4,4,4,4,8600
MYLZ.IDX,16-Feb-2017,105,105,105,105,286800
N1DA.IDX,16-Feb-2017,70,70,70,70,60000
N1DB.IDX,16-Feb-2017,80,80,80,80,39900
N1DC.IDX,16-Feb-2017,34,34,34,34,10700
N1DD.IDX,16-Feb-2017,14,14,14,14,3000
N1DE.IDX,16-Feb-2017,20,20,20,20,6500
N1DF.IDX,16-Feb-2017,2,2,2,2,2000
N1DG.IDX,16-Feb-2017,4,4,4,4,1500
N1HA.IDX,16-Feb-2017,93,93,93,93,60000
N1HB.IDX,16-Feb-2017,96,96,96,96,39900
N1HC.IDX,16-Feb-2017,38,38,38,38,10700
N1HD.IDX,16-Feb-2017,14,14,14,14,3000
N1HE.IDX,16-Feb-2017,22,22,22,22,6500
N1HF.IDX,16-Feb-2017,3,3,3,3,2000
N1HG.IDX,16-Feb-2017,5,5,5,5,1500
N1LA.IDX,16-Feb-2017,23,23,23,23,60000
N1LB.IDX,16-Feb-2017,16,16,16,16,39900
N1LC.IDX,16-Feb-2017,4,4,4,4,10700
N1LD.IDX,16-Feb-2017,0.01,0.01,0.01,0.01,3000
N1LE.IDX,16-Feb-2017,2,2,2,2,6500
N1LF.IDX,16-Feb-2017,1,1,1,1,2000
N1LG.IDX,16-Feb-2017,1,1,1,1,1500
N3DA.IDX,16-Feb-2017,39,39,39,39,60000
N3DB.IDX,16-Feb-2017,59,59,59,59,39900
N3DC.IDX,16-Feb-2017,27,27,27,27,10700
N3DD.IDX,16-Feb-2017,13,13,13,13,3000
N3DE.IDX,16-Feb-2017,16,16,16,16,6500
N3DF.IDX,16-Feb-2017,0.01,0.01,0.01,0.01,2000
N3DG.IDX,16-Feb-2017,3,3,3,3,1500
N3HA.IDX,16-Feb-2017,52,52,52,52,60000
N3HB.IDX,16-Feb-2017,67,67,67,67,39900
N3HC.IDX,16-Feb-2017,28,28,28,28,10700
N3HD.IDX,16-Feb-2017,13,13,13,13,3000
N3HE.IDX,16-Feb-2017,17,17,17,17,6500
N3HF.IDX,16-Feb-2017,1,1,1,1,2000
N3HG.IDX,16-Feb-2017,3,3,3,3,1500
N3LA.IDX,16-Feb-2017,13,13,13,13,60000
N3LB.IDX,16-Feb-2017,8,8,8,8,39900
N3LC.IDX,16-Feb-2017,1,1,1,1,10700
N3LD.IDX,16-Feb-2017,0.01,0.01,0.01,0.01,3000
N3LE.IDX,16-Feb-2017,1,1,1,1,6500
N3LF.IDX,16-Feb-2017,1,1,1,1,2000
N3LG.IDX,16-Feb-2017,0.01,0.01,0.01,0.01,1500
N5DA.IDX,16-Feb-2017,89,89,89,89,60000
N5DB.IDX,16-Feb-2017,87,87,87,87,39900
N5DC.IDX,16-Feb-2017,44,44,44,44,10700
N5DD.IDX,16-Feb-2017,22,22,22,22,3000
N5DE.IDX,16-Feb-2017,28,28,28,28,6500
N5DF.IDX,16-Feb-2017,1,1,1,1,2000
N5DG.IDX,16-Feb-2017,5,5,5,5,1500
N5HA.IDX,16-Feb-2017,208,208,208,208,60000
N5HB.IDX,16-Feb-2017,163,163,163,163,39900
N5HC.IDX,16-Feb-2017,59,59,59,59,10700
N5HD.IDX,16-Feb-2017,23,23,23,23,3000
N5HE.IDX,16-Feb-2017,33,33,33,33,6500
N5HF.IDX,16-Feb-2017,4,4,4,4,2000
N5HG.IDX,16-Feb-2017,6,6,6,6,1500
N5LA.IDX,16-Feb-2017,119,119,119,119,60000
N5LB.IDX,16-Feb-2017,76,76,76,76,39900
N5LC.IDX,16-Feb-2017,15,15,15,15,10700
N5LD.IDX,16-Feb-2017,1,1,1,1,3000
N5LE.IDX,16-Feb-2017,5,5,5,5,6500
N5LF.IDX,16-Feb-2017,3,3,3,3,2000
N5LG.IDX,16-Feb-2017,1,1,1,1,1500
N6DA.IDX,16-Feb-2017,40,40,40,40,60000
N6DB.IDX,16-Feb-2017,51,51,51,51,39900
N6DC.IDX,16-Feb-2017,18,18,18,18,10700
N6DD.IDX,16-Feb-2017,10,10,10,10,3000
N6DE.IDX,16-Feb-2017,11,11,11,11,6500
N6DF.IDX,16-Feb-2017,1,1,1,1,2000
N6DG.IDX,16-Feb-2017,0.01,0.01,0.01,0.01,1500
N6HA.IDX,16-Feb-2017,45,45,45,45,60000
N6HB.IDX,16-Feb-2017,55,55,55,55,39900
N6HC.IDX,16-Feb-2017,18,18,18,18,10700
N6HD.IDX,16-Feb-2017,10,10,10,10,3000
N6HE.IDX,16-Feb-2017,11,11,11,11,6500
N6HF.IDX,16-Feb-2017,1,1,1,1,2000
N6HG.IDX,16-Feb-2017,0.01,0.01,0.01,0.01,1500
N6LA.IDX,16-Feb-2017,5,5,5,5,60000
N6LB.IDX,16-Feb-2017,4,4,4,4,39900
N6LC.IDX,16-Feb-2017,0.01,0.01,0.01,0.01,10700
N6LD.IDX,16-Feb-2017,0.01,0.01,0.01,0.01,3000
N6LE.IDX,16-Feb-2017,0.01,0.01,0.01,0.01,6500
N6LF.IDX,16-Feb-2017,0.01,0.01,0.01,0.01,2000
N6LG.IDX,16-Feb-2017,0.01,0.01,0.01,0.01,1500
NADA.IDX,16-Feb-2017,40,40,40,40,60000
NADB.IDX,16-Feb-2017,50,50,50,50,39900
NADC.IDX,16-Feb-2017,14,14,14,14,10700
NADD.IDX,16-Feb-2017,9,9,9,9,3000
NADE.IDX,16-Feb-2017,10,10,10,10,6500
NADF.IDX,16-Feb-2017,1,1,1,1,2000
NADG.IDX,16-Feb-2017,0.01,0.01,0.01,0.01,1500
NAHA.IDX,16-Feb-2017,40,40,40,40,60000
NAHB.IDX,16-Feb-2017,50,50,50,50,39900
NAHC.IDX,16-Feb-2017,14,14,14,14,10700
NAHD.IDX,16-Feb-2017,9,9,9,9,3000
NAHE.IDX,16-Feb-2017,10,10,10,10,6500
NAHF.IDX,16-Feb-2017,1,1,1,1,2000
NAHG.IDX,16-Feb-2017,0.01,0.01,0.01,0.01,1500
NALA.IDX,16-Feb-2017,0.01,0.01,0.01,0.01,60000
NALB.IDX,16-Feb-2017,0.01,0.01,0.01,0.01,39900
NALC.IDX,16-Feb-2017,0.01,0.01,0.01,0.01,10700
NALD.IDX,16-Feb-2017,0.01,0.01,0.01,0.01,3000
NALE.IDX,16-Feb-2017,0.01,0.01,0.01,0.01,6500
NALF.IDX,16-Feb-2017,0.01,0.01,0.01,0.01,2000
NALG.IDX,16-Feb-2017,0.01,0.01,0.01,0.01,1500
NAST.IDX,16-Feb-2017,4430.72,4440.07,4381.93,4425.11,0
NBI.IDX,16-Feb-2017,3094.37,3105.09,3036.03,3064.43,0
NBZ.IDX,16-Feb-2017,2849.58,2849.58,2849.58,2849.58,0
NDFD.IDX,16-Feb-2017,79.43,79.43,57,64.48,0
NDFI.IDX,16-Feb-2017,85.04,85.04,80.37,81.3,0
NDOF.IDX,16-Feb-2017,89.71,89.71,85.04,85.04,0
NDOH.IDX,16-Feb-2017,84.11,84.11,82.24,83.17,0
NDTH.IDX,16-Feb-2017,84.11,84.11,81.3,83.17,0
NDTW.IDX,16-Feb-2017,84.11,84.11,72.89,79.43,0
NDX.IDX,16-Feb-2017,5306.38,5316.79,5287.54,5300.64,495952271
NDXT.IDX,16-Feb-2017,3167.96,3177.68,3159.37,3175.19,0
NDXX.IDX,16-Feb-2017,2601.08,2605.74,2581.92,2587.33,0
NDY.IDX,16-Feb-2017,5306.38,5316.79,5287.54,5300.64,0
NEX.IDX,16-Feb-2017,171.62,171.81,171.13,171.81,0
NFA.IDX,16-Feb-2017,51.96,52.09,51.81,52.04,0
NGV.IDX,16-Feb-2017,638.24,638.24,638.24,638.24,0
NI225.IDX,16-Feb-2017,19431.61,19431.61,19260.24,19347.53,0
NNY.IDX,16-Feb-2017,9294.5947,9294.5947,9249.7861,9287.2129,0
NNYE.IDX,16-Feb-2017,11189.7129,11196.2188,11035.1504,11043.5244,0
NNYI.IDX,16-Feb-2017,5150.7866,5157.333,5137.416,5148.1953,0
NNYK.IDX,16-Feb-2017,7348.04,7358.81,7317.88,7349.34,0
NNYL.IDX,16-Feb-2017,7609.7119,7611.562,7578.3433,7604.3638,0
NNYP.IDX,16-Feb-2017,12573.722,12577.286,12488.849,12570.193,0
NNYY.IDX,16-Feb-2017,8027.4258,8045.144,8020.2373,8043.3062,0
NQGM.IDX,16-Feb-2017,1724.93,1724.97,1699.32,1713.4,0
NQGS.IDX,16-Feb-2017,2732.22,2738.01,2720.45,2728.88,0
NSEI.IDX,16-Feb-2017,8739,8783.95,8719.6,8778,0
NSHD.IDX,16-Feb-2017,87,1941,87,1710,0
NSHF.IDX,16-Feb-2017,-10,469,-947,-421,0
NSHR.IDX,16-Feb-2017,0.88,1.44,0.51,0.75,0
NSHU.IDX,16-Feb-2017,77,1544,77,1289,0
NVLD.IDX,16-Feb-2017,3.06,1946.51,3.06,1943.42,0
NVLF.IDX,16-Feb-2017,-2.19,18.26,-1021.52,-822.63,0
NVLR.IDX,16-Feb-2017,0.28,1.38,0.28,0.57,0
NVLU.IDX,16-Feb-2017,0.87,1120.78,0.87,1120.78,0
NVOT.IDX,16-Feb-2017,3778037.75,3778037.75,3675819.5,3675819.5,0
NWV.IDX,16-Feb-2017,453.04,453.04,453.04,453.04,0
NWX.IDX,16-Feb-2017,463.01,467.06,461.68,463.89,0
NXTQ.IDX,16-Feb-2017,387.68,389.19,384.77,386.27,0
NYA.IDX,16-Feb-2017,11519.32,11525.21,11467.37,11504.19,0
NYDA.IDX,16-Feb-2017,46,46,46,46,60000
NYDB.IDX,16-Feb-2017,68,68,68,68,39900
NYDC.IDX,16-Feb-2017,34,34,34,34,10700
NYDD.IDX,16-Feb-2017,13,13,13,13,3000
NYDE.IDX,16-Feb-2017,17,17,17,17,6500
NYDF.IDX,16-Feb-2017,1,1,1,1,2000
NYDG.IDX,16-Feb-2017,3,3,3,3,1500
NYHA.IDX,16-Feb-2017,68,68,68,68,60000
NYHB.IDX,16-Feb-2017,81,81,81,81,39900
NYHC.IDX,16-Feb-2017,36,36,36,36,10700
NYHD.IDX,16-Feb-2017,13,13,13,13,3000
NYHE.IDX,16-Feb-2017,19,19,19,19,6500
NYHF.IDX,16-Feb-2017,2,2,2,2,2000
NYHG.IDX,16-Feb-2017,4,4,4,4,1500
NYI.IDX,16-Feb-2017,5150.7866,5157.333,5137.416,5148.1953,0
NYL.IDX,16-Feb-2017,7609.7119,7611.562,7578.3433,7604.3638,0
NYLA.IDX,16-Feb-2017,22,22,22,22,60000
NYLB.IDX,16-Feb-2017,13,13,13,13,39900
NYLC.IDX,16-Feb-2017,2,2,2,2,10700
NYLD.IDX,16-Feb-2017,0.01,0.01,0.01,0.01,3000
NYLE.IDX,16-Feb-2017,2,2,2,2,6500
NYLF.IDX,16-Feb-2017,1,1,1,1,2000
NYLG.IDX,16-Feb-2017,1,1,1,1,1500
NZ50.IDX,16-Feb-2017,7180.03,7180.03,7099.98,7099.98,0
OEX.IDX,16-Feb-2017,1037.91,1038.5,1033.93,1037.56,884623200
OFIN.IDX,16-Feb-2017,6814.71,6851.28,6770.63,6796.89,0
OILBR.IDX,16-Feb-2017,55.23,55.68,55.23,55.68,0
OILSW.IDX,16-Feb-2017,53.01,53.41,53.01,53.41,1049196
OIV.IDX,16-Feb-2017,27.72,28.37,26.83,26.83,0
OMX.IDX,16-Feb-2017,1574.15,1580.99,1572.27,1576.33,0
ONE.IDX,16-Feb-2017,1037.91,1038.5,1033.93,1037.56,0
OOI.IDX,16-Feb-2017,1621,1624.72,1619.73,1622.84,0
OSX.IDX,16-Feb-2017,181.08,181.11,176.71,177.11,0
OVX.IDX,16-Feb-2017,27.75,28.49,27.15,27.37,0
PHN.IDX,16-Feb-2017,26.48,26.6,26.46,26.56,0
PLD.IDX,16-Feb-2017,788.55,795.85,786.8,793.3,5484
PLT.IDX,16-Feb-2017,1014.5,1021.7,1011.3,1015.7,15634
POQ.IDX,16-Feb-2017,90.92,90.99,90.9,90.91,0
PSEI.IDX,16-Feb-2017,7176.64,7293.16,7176.64,7283.25,0
QSHD.IDX,16-Feb-2017,104,1852,104,1613,0
QSHF.IDX,16-Feb-2017,27,303,-972,-393,0
QSHR.IDX,16-Feb-2017,1.25,1.31,0.46,0.75,0
QSHU.IDX,16-Feb-2017,131,1280,131,1220,0
QVLD.IDX,16-Feb-2017,2.24,973.44,2.24,971.83,0
QVLF.IDX,16-Feb-2017,0.87,79.12,-298.02,-198.29,0
QVLR.IDX,16-Feb-2017,1.39,2.45,0.58,0.79,0
QVLU.IDX,16-Feb-2017,3.12,773.53,3.12,773.53,0
R1FD.IDX,16-Feb-2017,74.66,74.66,53.23,62.05,0
R1FI.IDX,16-Feb-2017,75.17,75.79,71.58,73.74,0
R1OF.IDX,16-Feb-2017,81.23,81.43,78.76,79.69,0
R1OH.IDX,16-Feb-2017,76.3,76.41,74.87,75.79,0
R1TH.IDX,16-Feb-2017,76.1,76.3,74.76,75.79,0
R1TW.IDX,16-Feb-2017,80.2,80.2,74.05,76.1,0
R2FD.IDX,16-Feb-2017,66.22,66.22,42.68,55.53,0
R2FI.IDX,16-Feb-2017,56.21,56.68,51.49,55.42,0
R2OF.IDX,16-Feb-2017,71.05,71.05,68.22,69.63,0
R2OH.IDX,16-Feb-2017,71.52,71.52,69.58,70.47,0
R2TH.IDX,16-Feb-2017,74.04,74.04,72.05,72.73,0
R2TW.IDX,16-Feb-2017,70,70,61.19,65.54,0
R3FD.IDX,16-Feb-2017,69.07,69.07,46.3,57.86,0
R3FI.IDX,16-Feb-2017,62.65,63.17,58.59,61.64,0
R3OF.IDX,16-Feb-2017,74.52,74.52,71.81,73.06,0
R3OH.IDX,16-Feb-2017,73.16,73.16,71.46,72.3,0
R3TH.IDX,16-Feb-2017,74.76,74.76,73.06,73.79,0
R3TW.IDX,16-Feb-2017,73.44,73.44,65.56,69.14,0
RAG.IDX,16-Feb-2017,917.19,917.96,912.85,916.14,0
RAV.IDX,16-Feb-2017,1510.25,1511.16,1502.24,1507.62,0
RDG.IDX,16-Feb-2017,832.28,833.7,826.59,829.2,0
RJY.IDX,16-Feb-2017,63.82,63.82,63.82,63.82,0
RLG.IDX,16-Feb-2017,1124.92,1125.72,1119.85,1123.74,0
RLX.IDX,16-Feb-2017,1429.42,1431.6,1419.11,1422.13,0
RMC.IDX,16-Feb-2017,1875.97,1879.41,1866.04,1871.33,0
RMV.IDX,16-Feb-2017,1932.24,1936.52,1924.31,1929.36,0
RMZ.IDX,16-Feb-2017,1153.54,1166.98,1153.47,1159.41,0
RPE.IDX,16-Feb-2017,201.24,201.49,198.97,199.58,0
RSC.IDX,16-Feb-2017,1407.45,1409.75,1398.29,1403.7,0
RSG.IDX,16-Feb-2017,1550.59,1553.04,1538.29,1544.78,0
RSV.IDX,16-Feb-2017,1230.53,1232.6,1224.04,1228.39,0
RTCM.IDX,16-Feb-2017,195.3,196.85,195.29,196.64,5498700
RTF.IDX,16-Feb-2017,1622.59,1624.11,1617.33,1622.96,0
RTG.IDX,16-Feb-2017,590.7,591.71,586.28,589.08,0
RTI.IDX,16-Feb-2017,549.3,550.29,545.81,548.13,0
RTM.IDX,16-Feb-2017,538.76,538.97,534.37,537,0
RTRE.IDX,16-Feb-2017,159.82,161.58,159.82,161.42,4708300
RTV.IDX,16-Feb-2017,499.94,500.89,497.23,499.12,0
RUA.IDX,16-Feb-2017,1397.86,1398.81,1390.79,1395.79,0
RUF.IDX,16-Feb-2017,16.63,16.68,16.45,16.5,0
RUI.IDX,16-Feb-2017,1304.5012,1304.5012,1303.24,1303.24,0
RUJ.IDX,16-Feb-2017,1815.71,1817.24,1802,1810.86,0
RUO.IDX,16-Feb-2017,819.77,820.49,812.09,816.59,0
RUT.IDX,16-Feb-2017,1403.5973,1404.8446,1391.865,1399.1334,0
RVX.IDX,16-Feb-2017,16.95,18.02,16.56,16.6,0
RWG.IDX,16-Feb-2017,479.99,480.34,478.31,480.04,0
RWI.IDX,16-Feb-2017,551.45,551.57,548.92,550.97,0
RWV.IDX,16-Feb-2017,633.7,633.76,630.26,632.69,0
S1FD.IDX,16-Feb-2017,81.37,81.37,68.62,80.39,0
S1FI.IDX,16-Feb-2017,79.41,80.39,73.52,73.52,0
S1OF.IDX,16-Feb-2017,83.33,86.27,82.35,85.29,0
S1OH.IDX,16-Feb-2017,80.39,82.35,79.41,80.39,0
S1TH.IDX,16-Feb-2017,81.37,81.37,78.43,80.39,0
S1TR.IDX,16-Feb-2017,226.34,226.47,223.83,224.88,0
S1TW.IDX,16-Feb-2017,78.43,78.43,76.47,77.45,0
S2TR.IDX,16-Feb-2017,560.22,560.32,553.92,558.61,0
S3TR.IDX,16-Feb-2017,973.17,974.85,968.89,974.84,0
S4FD.IDX,16-Feb-2017,68.75,70.25,47.25,61.5,0
S4FI.IDX,16-Feb-2017,70.25,70.25,65.75,70,0
S4OF.IDX,16-Feb-2017,82.5,82.75,80.75,81.5,0
S4OH.IDX,16-Feb-2017,78,78.25,76.5,77.5,0
S4TH.IDX,16-Feb-2017,78.75,79.5,78,78.5,0
S4TR.IDX,16-Feb-2017,367.41,369.42,366.29,369.29,0
S4TW.IDX,16-Feb-2017,76.5,76.75,68.75,73,0
S5FD.IDX,16-Feb-2017,78.14,78.14,53.74,63.58,0
S5FI.IDX,16-Feb-2017,74.8,75.59,71.85,73.62,0
S5OF.IDX,16-Feb-2017,80.9,81.29,77.36,78.54,0
S5OH.IDX,16-Feb-2017,76.37,76.57,74.8,75.78,0
S5TH.IDX,16-Feb-2017,75.98,75.98,74.01,75.59,0
S5TR.IDX,16-Feb-2017,435.39,437.54,432.06,432.55,0
S5TW.IDX,16-Feb-2017,79.33,79.52,74.6,76.18,0
S6CD.IDX,16-Feb-2017,479.56,480.85,473.03,474.48,0
S6CS.IDX,16-Feb-2017,1691.06,1698.56,1681.58,1691.93,0
S6EP.IDX,16-Feb-2017,747.53,748.38,731.89,734.94,0
S6FD.IDX,16-Feb-2017,67.5,67.5,37.83,56,0
S6FI.IDX,16-Feb-2017,54.83,55.33,49,54.66,0
S6FP.IDX,16-Feb-2017,958.34,959.83,953.06,959.72,0
S6HC.IDX,16-Feb-2017,1865.12,1867.5,1840.02,1863.12,0
S6IP.IDX,16-Feb-2017,937.43,938.85,929.47,936.85,0
S6MP.IDX,16-Feb-2017,490.03,490.44,484.85,488.28,0
S6OF.IDX,16-Feb-2017,74.33,74.33,72,73.66,0
S6OH.IDX,16-Feb-2017,74.66,74.66,72.33,74.33,0
S6TH.IDX,16-Feb-2017,76.83,76.83,74.33,75.66,0
S6TP.IDX,16-Feb-2017,647.27,650.26,644.37,649.02,0
S6TR.IDX,16-Feb-2017,1208.94,1211.97,1203.96,1206.52,0
S6TW.IDX,16-Feb-2017,72,72,60.16,67,0
S6UP.IDX,16-Feb-2017,606.67,610.09,605.41,609.79,0
S7TR.IDX,16-Feb-2017,846.96,846.96,839.61,844.4,0
S8TR.IDX,16-Feb-2017,903.43,905.14,890.22,891.09,0
S9TR.IDX,16-Feb-2017,504.72,509.32,504.72,507.39,0
SAAB.IDX,16-Feb-2017,1813.51,1814.78,1800.76,1807.58,0
SACC.IDX,16-Feb-2017,3187.45,3195.28,3178.98,3192.66,0
SACN.IDX,16-Feb-2017,190.04,191.28,188.84,190.94,0
SAER.IDX,16-Feb-2017,101.63,101.67,99.96,100.02,0
SAIE.IDX,16-Feb-2017,235.49,236.68,233.14,234.28,0
SAIU.IDX,16-Feb-2017,191.83,193.82,190.67,192.25,0
SAJR.IDX,16-Feb-2017,126.46,126.9,126.31,126.59,0
SAJT.IDX,16-Feb-2017,101.76,101.94,101.47,101.7,0
SANA.IDX,16-Feb-2017,4171.46,4177.9,4139.34,4145.03,0
SANC.IDX,16-Feb-2017,3967.34,3971.04,3938.14,3948.02,0
SAPE.IDX,16-Feb-2017,3679.28,3686.3,3666.97,3684.09,0
SAPT.IDX,16-Feb-2017,106.52,106.86,105.11,105.42,0
SAPU.IDX,16-Feb-2017,3365.15,3374,3352.58,3354.73,0
SAQA.IDX,16-Feb-2017,3358.44,3363.51,3352.09,3361.5,0
SAQE.IDX,16-Feb-2017,2804.4,2806.79,2780.16,2788.29,0
SAUE.IDX,16-Feb-2017,172.67,172.73,169.82,169.92,0
SBAI.IDX,16-Feb-2017,108.85,109.76,107.61,107.78,0
SBER.IDX,16-Feb-2017,69.79,69.8,69.04,69.1,0
SBES.IDX,16-Feb-2017,1110.43,1118.34,1110.43,1116.35,0
SBFD.IDX,16-Feb-2017,68,80,48,68,0
SBFI.IDX,16-Feb-2017,72,72,64,68,0
SBIX.IDX,16-Feb-2017,301.52,302.39,298.94,301.47,0
SBNP.IDX,16-Feb-2017,2011.96,2015.38,2001.38,2007.62,0
SBOF.IDX,16-Feb-2017,88,92,80,88,0
SBOH.IDX,16-Feb-2017,84,84,80,80,0
SBSE.IDX,16-Feb-2017,1748.68,1756.1,1743.75,1745.11,0
SBSU.IDX,16-Feb-2017,1394.19,1406.01,1392.06,1399.21,0
SBTH.IDX,16-Feb-2017,88,88,84,88,0
SBTR.IDX,16-Feb-2017,73.3,73.31,72.51,72.58,0
SBTW.IDX,16-Feb-2017,60,64,48,48,0
SBUP.IDX,16-Feb-2017,4610.59,4617.04,4575.68,4587.62,0
SCBR.IDX,16-Feb-2017,46.01,46.14,45.86,46.02,0
SCEI.IDX,16-Feb-2017,844.25,848.54,843.83,847.95,0
SCGD.IDX,16-Feb-2017,596.2,599.43,596.01,598.11,0
SCGT.IDX,16-Feb-2017,2341.16,2352.74,2339.46,2342.21,0
SCII.IDX,16-Feb-2017,79.44,79.44,78.93,79.23,0
SCIR.IDX,16-Feb-2017,225.79,227.51,222.03,223.66,0
SCIS.IDX,16-Feb-2017,203.57,205.12,200.18,201.65,0
SCIT.IDX,16-Feb-2017,387.11,390.06,380.6,383.47,0
SCPC.IDX,16-Feb-2017,2378.45,2394.05,2362.96,2369.47,0
SCPX.IDX,16-Feb-2017,689.94,693.63,689.7,692.15,0
SCRC.IDX,16-Feb-2017,3201.74,3236.23,3201.74,3231.13,0
SCRE.IDX,16-Feb-2017,4209.03,4209.4,4188.76,4207.27,0
SCSC.IDX,16-Feb-2017,2941.62,2956.73,2939.83,2956.73,0
SCSE.IDX,16-Feb-2017,2580.99,2588.35,2575.41,2588.27,0
SCSR.IDX,16-Feb-2017,592.19,594.51,591.21,594.1,0
SCUT.IDX,16-Feb-2017,1576.98,1597.67,1573.14,1595.74,0
SCWI.IDX,16-Feb-2017,158.88,161.42,158.74,161,0
SCWP.IDX,16-Feb-2017,287.99,288.56,287.19,288.38,0
SCYE.IDX,16-Feb-2017,107.81,107.84,107.75,107.75,0
SCYI.IDX,16-Feb-2017,123.69,123.72,123.61,123.61,0
SDCG.IDX,16-Feb-2017,798.45,798.71,791.88,796.44,0
SDCV.IDX,16-Feb-2017,766.09,766.72,760.84,763.03,0
SDDE.IDX,16-Feb-2017,522.09,522.52,519.83,521.48,0
SDEW.IDX,16-Feb-2017,1400.46,1401.65,1391.32,1397.39,0
SDGO.IDX,16-Feb-2017,662.02,662.71,657.41,660.17,0
SDIP.IDX,16-Feb-2017,122.67,122.77,121.84,121.99,0
SDIS.IDX,16-Feb-2017,139.66,139.78,138.71,138.88,0
SDIT.IDX,16-Feb-2017,144.5,144.62,143.52,143.7,0
SDLC.IDX,16-Feb-2017,680.96,681.87,677.05,679.26,0
SDMC.IDX,16-Feb-2017,941.39,941.92,934.57,938.88,0
SDPI.IDX,16-Feb-2017,1394.82,1398.77,1393.83,1397.73,0
SDSC.IDX,16-Feb-2017,956.9,956.9,945.48,951.22,0
SDTI.IDX,16-Feb-2017,1599.76,1606.37,1599.76,1605.17,0
SDTR.IDX,16-Feb-2017,1285.89,1287.62,1275.41,1284.99,0
SDTS.IDX,16-Feb-2017,1108.72,1108.72,1102.14,1102.14,0
SDTT.IDX,16-Feb-2017,1288.93,1290.55,1282.9,1282.9,0
SDVO.IDX,16-Feb-2017,623.78,624.89,620.57,622.19,0
SEAN.IDX,16-Feb-2017,674.15,675.35,672.68,675.05,0
SEBI.IDX,16-Feb-2017,2253.74,2258.03,2248.02,2248.74,0
SECA.IDX,16-Feb-2017,231.92,232.64,230.1,230.68,0
SECB.IDX,16-Feb-2017,234.89,235.61,233.05,233.63,0
SECC.IDX,16-Feb-2017,402.69,403.92,399.55,400.52,0
SEFD.IDX,16-Feb-2017,41.66,41.66,5.55,5.55,0
SEFI.IDX,16-Feb-2017,25,30.55,16.66,16.66,0
SEIB.IDX,16-Feb-2017,2891.09,2891.15,2862.05,2863.84,0
SEIE.IDX,16-Feb-2017,203.53,203.53,202.21,203.06,0
SEII.IDX,16-Feb-2017,599.58,602.63,599.28,602.21,0
SEIT.IDX,16-Feb-2017,151.29,152.75,151.05,152.39,0
SEIU.IDX,16-Feb-2017,183.22,184.07,183.02,184.06,0
SEMT.IDX,16-Feb-2017,1170.41,1178.37,-22.55,-22.55,0
SENSEX.IDX,16-Feb-2017,28223.85,28327.84,28146.19,28301.27,0
SEOF.IDX,16-Feb-2017,58.33,58.33,44.44,44.44,0
SEOH.IDX,16-Feb-2017,69.44,72.22,58.33,58.33,0
SET.IDX,16-Feb-2017,1574.34,1580.34,1573.07,1576.05,0
SETH.IDX,16-Feb-2017,75,75,69.44,69.44,0
SETW.IDX,16-Feb-2017,30.55,30.55,16.66,16.66,0
SFFD.IDX,16-Feb-2017,98.41,98.41,88.88,93.65,0
SFFI.IDX,16-Feb-2017,88.88,90.47,87.3,90.47,0
SFOF.IDX,16-Feb-2017,96.82,96.82,95.23,95.23,0
SFOH.IDX,16-Feb-2017,95.23,98.41,95.23,98.41,0
SFTH.IDX,16-Feb-2017,98.41,98.41,96.82,98.41,0
SFTR.IDX,16-Feb-2017,1235.6,1236.38,1224,1232.42,0
SFTW.IDX,16-Feb-2017,98.41,98.41,93.65,96.82,0
SG0A.IDX,16-Feb-2017,279.21,280.19,276.43,276.61,0
SG0B.IDX,16-Feb-2017,81.27,81.56,80.47,80.52,0
SG0C.IDX,16-Feb-2017,842.97,845.93,834.57,835.13,0
SG0D.IDX,16-Feb-2017,44.6,44.76,44.08,44.11,0
SG0E.IDX,16-Feb-2017,462.65,464.27,457.17,457.59,0
SG0F.IDX,16-Feb-2017,378.74,380.47,376.2,378.29,0
SG0G.IDX,16-Feb-2017,338.35,339.89,336.07,337.94,0
SG0H.IDX,16-Feb-2017,3509.71,3525.71,3486.12,3505.5,0
SG0I.IDX,16-Feb-2017,305.12,307.7,302.2,305.39,0
SG1A.IDX,16-Feb-2017,655.33,660.88,649.01,655.91,0
SG1B.IDX,16-Feb-2017,312.38,317.63,305.57,307.16,0
SG1C.IDX,16-Feb-2017,10.39,10.57,10.17,10.22,0
SG1D.IDX,16-Feb-2017,107.91,109.72,105.54,106.1,0
SG1E.IDX,16-Feb-2017,121.37,121.47,119.69,120.32,0
SG1F.IDX,16-Feb-2017,27.32,27.34,26.94,27.08,0
SG1G.IDX,16-Feb-2017,55.32,55.36,54.55,54.84,0
SG1H.IDX,16-Feb-2017,167.66,168.44,165.45,165.65,0
SG1I.IDX,16-Feb-2017,81.09,81.47,80.02,80.12,0
SG1J.IDX,16-Feb-2017,242.75,244.81,240.43,242.97,0
SG2A.IDX,16-Feb-2017,477.44,481.53,472.34,476.59,0
SG2B.IDX,16-Feb-2017,316.45,319.15,313.06,315.88,0
SG2C.IDX,16-Feb-2017,441.32,445.09,436.52,440.53,0
SG2D.IDX,16-Feb-2017,78.04,80.71,78.04,80.2,0
SG2E.IDX,16-Feb-2017,7.45,7.7,7.45,7.65,0
SG2F.IDX,16-Feb-2017,25.49,26.36,25.49,26.19,0
SG2G.IDX,16-Feb-2017,113.16,114.82,113.16,114.28,0
SG2H.IDX,16-Feb-2017,13.24,13.43,13.24,13.37,0
SG2I.IDX,16-Feb-2017,63.83,64.77,63.83,64.46,0
SG2J.IDX,16-Feb-2017,94.18,94.62,92.94,93.05,0
SG3A.IDX,16-Feb-2017,541.42,544.14,531.73,535.39,0
SG3B.IDX,16-Feb-2017,3705.81,3724.46,3638.57,3664.55,0
SG3C.IDX,16-Feb-2017,318.67,319.71,314.13,314.55,0
SG3D.IDX,16-Feb-2017,8.53,8.56,8.41,8.42,0
SG3E.IDX,16-Feb-2017,88.56,88.85,87.24,87.42,0
SG3F.IDX,16-Feb-2017,109.96,110.14,109.22,109.23,0
SG3G.IDX,16-Feb-2017,45.2,45.27,44.89,44.9,0
SG3H.IDX,16-Feb-2017,309.31,309.83,307.23,307.27,0
SG3I.IDX,16-Feb-2017,293.76,296.22,291.18,294.58,0
SG3J.IDX,16-Feb-2017,429.71,431.87,422.02,424.93,0
SG4A.IDX,16-Feb-2017,452.76,456.56,448.79,454.02,0
SG4B.IDX,16-Feb-2017,294.16,295.61,291.46,293.37,0
SG4C.IDX,16-Feb-2017,86.26,86.69,85.47,86.03,0
SG4D.IDX,16-Feb-2017,148.15,148.87,146.77,147.74,0
SG4E.IDX,16-Feb-2017,110.99,111.77,109.84,110.74,0
SG4F.IDX,16-Feb-2017,414.45,417.36,410.11,413.51,0
SG4G.IDX,16-Feb-2017,146.54,147.04,145.12,146.19,0
SG4H.IDX,16-Feb-2017,100.04,100.38,99.07,99.8,0
SG4I.IDX,16-Feb-2017,121.03,121.45,119.86,120.74,0
SG4J.IDX,16-Feb-2017,167.71,169.12,166.24,168.18,0
SG5A.IDX,16-Feb-2017,301.31,303.58,298.12,299.34,0
SG5B.IDX,16-Feb-2017,420.21,423.38,415.77,417.46,0
SG5C.IDX,16-Feb-2017,717.92,724.03,717.92,722.86,0
SG5D.IDX,16-Feb-2017,101.57,102.43,101.57,102.27,0
SG5E.IDX,16-Feb-2017,659.46,664.48,658.87,663.41,0
SG5F.IDX,16-Feb-2017,344.31,346.68,338.38,339.13,0
SG5G.IDX,16-Feb-2017,27.42,27.61,26.95,27.01,0
SG5H.IDX,16-Feb-2017,284.47,286.43,279.56,280.19,0
SG5I.IDX,16-Feb-2017,199.47,201.46,197.24,199.25,0
SG5J.IDX,16-Feb-2017,461.02,464.5,456.14,458,0
SG6A.IDX,16-Feb-2017,671.02,677.72,663.5,670.28,0
SG6B.IDX,16-Feb-2017,182.23,183.08,179.64,180.6,0
SG6C.IDX,16-Feb-2017,1247.44,1253.25,1229.33,1236.28,0
SG6D.IDX,16-Feb-2017,147.96,149.5,143.97,144.58,0
SG6E.IDX,16-Feb-2017,21.43,21.65,20.84,20.94,0
SG6F.IDX,16-Feb-2017,29.89,30.2,29.07,29.21,0
SG6G.IDX,16-Feb-2017,348.74,351.59,340.04,340.72,0
SG6H.IDX,16-Feb-2017,219.2,220.99,213.73,214.15,0
SG6I.IDX,16-Feb-2017,376.43,379.51,367.04,367.77,0
SG6J.IDX,16-Feb-2017,179.72,181.51,177.71,179.52,0
SG7A.IDX,16-Feb-2017,19.41,19.67,19.14,19.15,0
SG7B.IDX,16-Feb-2017,139.84,141.67,137.86,137.96,0
SG7C.IDX,16-Feb-2017,372.89,373.19,370.37,370.62,0
SG7D.IDX,16-Feb-2017,201.6,201.75,200.22,200.36,0
SG7E.IDX,16-Feb-2017,2090.39,2092,2076.13,2077.58,0
SG7F.IDX,16-Feb-2017,386.86,388.73,384.55,386.51,0
SG7G.IDX,16-Feb-2017,322.31,323.87,320.39,322.02,0
SG7H.IDX,16-Feb-2017,3343.3,3359.52,3323.39,3340.35,0
SG7I.IDX,16-Feb-2017,171.54,172.48,170.39,170.67,0
SG7J.IDX,16-Feb-2017,103.79,105.14,102.32,102.39,0
SG8A.IDX,16-Feb-2017,142.19,143.36,138.87,139.1,0
SG8B.IDX,16-Feb-2017,13.08,13.19,12.78,12.8,0
SG8C.IDX,16-Feb-2017,23.49,23.69,22.95,22.98,0
SG8D.IDX,16-Feb-2017,175.25,177.51,174.04,177.51,0
SG8E.IDX,16-Feb-2017,149.84,151.77,148.81,151.77,0
SG8F.IDX,16-Feb-2017,277.24,280.81,275.33,280.81,0
SG8G.IDX,16-Feb-2017,180.65,180.8,179.2,179.29,0
SG8H.IDX,16-Feb-2017,338.06,338.36,335.39,335.53,0
SG8I.IDX,16-Feb-2017,1873.29,1874.78,1858.28,1859.12,0
SG8J.IDX,16-Feb-2017,1778.88,1788.66,1766.98,1769.82,0
SG9A.IDX,16-Feb-2017,55.97,56.19,55.52,55.73,0
SG9B.IDX,16-Feb-2017,90.89,91.23,90.15,90.49,0
SG9C.IDX,16-Feb-2017,410.01,411.59,406.88,408.48,0
SG9D.IDX,16-Feb-2017,358.6,359.97,355.83,357.26,0
SG9E.IDX,16-Feb-2017,3687.41,3701.53,3658.95,3673.58,0
SG9F.IDX,16-Feb-2017,170.81,171.42,169.44,169.98,0
SG9G.IDX,16-Feb-2017,77.02,77.29,76.4,76.65,0
SG9H.IDX,16-Feb-2017,637.73,640,632.57,634.63,0
SG9I.IDX,16-Feb-2017,196.39,197.91,194.31,196.3,0
SG9J.IDX,16-Feb-2017,198.11,198.88,196.52,197.26,0
SGAA.IDX,16-Feb-2017,1718.65,1721.23,1707.68,1709.22,0
SGAB.IDX,16-Feb-2017,1934.72,1935.41,1909.26,1910.76,0
SGAC.IDX,16-Feb-2017,4256.44,4268.58,4244.17,4249.15,0
SGAD.IDX,16-Feb-2017,4790.2,4798.14,4744.89,4750.18,0
SGCC.IDX,16-Feb-2017,234.23,235.07,232.49,233.21,0
SGCR.IDX,16-Feb-2017,137.01,137.65,135.87,136.43,0
SGDO.IDX,16-Feb-2017,138.98,139.28,138.62,139.28,0
SGIA.IDX,16-Feb-2017,216.91,217.6,214.55,214.73,0
SGIB.IDX,16-Feb-2017,549.49,551.69,548.74,550.28,0
SGID.IDX,16-Feb-2017,510.84,513.76,509.47,511.11,0
SGIF.IDX,16-Feb-2017,196.65,198.25,195.95,196.94,0
SGIR.IDX,16-Feb-2017,125.32,125.84,124.26,124.77,0
SGJ.IDX,16-Feb-2017,183.98,185.27,182.06,183.56,0
SGK.IDX,16-Feb-2017,317.23,318.35,313.49,313.76,0
SGLN.IDX,16-Feb-2017,246.11,246.11,242.63,243.57,0
SGLS.IDX,16-Feb-2017,219.36,219.36,216.26,217.1,0
SGMA.IDX,16-Feb-2017,187.42,188.21,185.84,186.6,0
SGME.IDX,16-Feb-2017,1473.64,1473.78,1461.48,1462.8,0
SGMU.IDX,16-Feb-2017,1059.17,1065.66,1059.17,1061.06,0
SGON.IDX,16-Feb-2017,365.44,366.73,364.99,366.73,0
SGP.IDX,16-Feb-2017,1637.16,1651.3,1637.16,1648.32,0
SGPA.IDX,16-Feb-2017,213.81,214.81,212.03,212.9,0
SGPG.IDX,16-Feb-2017,155.01,155.36,153.42,153.49,0
SGPP.IDX,16-Feb-2017,66.24,66.48,65.75,65.95,0
SGPR.IDX,16-Feb-2017,60.1,60.24,59.49,59.51,0
SGPT.IDX,16-Feb-2017,113.84,114.25,112.99,113.34,0
SGQA.IDX,16-Feb-2017,894.7,901.6,885.1,894.27,0
SGQB.IDX,16-Feb-2017,198.35,199.87,196.24,198.14,0
SGQC.IDX,16-Feb-2017,254.22,256.17,251.49,253.96,0
SGQD.IDX,16-Feb-2017,949.14,956.45,938.97,948.17,0
SGQE.IDX,16-Feb-2017,170.04,171.37,169.9,171.06,0
SGQF.IDX,16-Feb-2017,1515.12,1527.01,1513.93,1524.25,0
SGQG.IDX,16-Feb-2017,390.48,391.32,388.04,388.43,0
SGQH.IDX,16-Feb-2017,215.5,215.95,214.13,214.35,0
SGQI.IDX,16-Feb-2017,2234.46,2239.12,2220.26,2222.61,0
SGQJ.IDX,16-Feb-2017,239.63,241.48,237.06,239.52,0
SGRC.IDX,16-Feb-2017,124.96,125.36,123.34,123.67,0
SGRE.IDX,16-Feb-2017,100.52,100.84,99.22,99.48,0
SGRG.IDX,16-Feb-2017,35.05,35.13,34.69,34.71,0
SGRM.IDX,16-Feb-2017,129.72,130.57,129.57,130.19,0
SGRT.IDX,16-Feb-2017,107.7,107.74,105.92,105.98,0
SGSA.IDX,16-Feb-2017,880.51,888.91,879.15,886.03,0
SGSB.IDX,16-Feb-2017,69.63,70.3,69.53,70.07,0
SGSC.IDX,16-Feb-2017,620.72,626.64,619.75,624.61,0
SGSD.IDX,16-Feb-2017,425.5,426.1,418.36,418.75,0
SGSE.IDX,16-Feb-2017,232.19,233.02,230.47,231.18,0
SGSF.IDX,16-Feb-2017,457.96,458.6,450.27,450.7,0
SGSG.IDX,16-Feb-2017,4752.15,4758.8,4672.34,4676.77,0
SGSH.IDX,16-Feb-2017,215.05,215.78,211.05,213.68,0
SGSJ.IDX,16-Feb-2017,17.35,17.41,17.03,17.24,0
SGSK.IDX,16-Feb-2017,154.7,155.23,151.82,153.72,0
SGSM.IDX,16-Feb-2017,192.22,192.32,190.81,190.92,0
SGSN.IDX,16-Feb-2017,1993.19,1994.24,1978.6,1979.77,0
SGSO.IDX,16-Feb-2017,375.15,376.83,367.84,370.9,0
SGSP.IDX,16-Feb-2017,929.7,933.86,911.59,919.17,0
SGSQ.IDX,16-Feb-2017,2364.62,2375.6,2318.43,2337.85,0
SGSR.IDX,16-Feb-2017,317.72,323.66,311.28,312.97,0
SGSS.IDX,16-Feb-2017,8.49,8.65,8.32,8.36,0
SGST.IDX,16-Feb-2017,88.17,89.82,86.38,86.85,0
SGSU.IDX,16-Feb-2017,225.86,228.85,223.14,224.85,0
SGSV.IDX,16-Feb-2017,66.8,67.69,65.99,66.51,0
SGSW.IDX,16-Feb-2017,135.26,137.05,133.61,134.66,0
SGSX.IDX,16-Feb-2017,357.56,357.77,354.97,355.18,0
SGT.IDX,16-Feb-2017,2407.67,2416.25,2389.64,2397.1,0
SGTR.IDX,16-Feb-2017,234.95,236.02,232.91,233.92,0
SGV.IDX,16-Feb-2017,262.78,264.22,260.95,261.44,0
SGWN.IDX,16-Feb-2017,2199.22,2204.96,2180.57,2182.23,0
SGWP.IDX,16-Feb-2017,1943.33,1948.15,1926.8,1928.19,0
SGWT.IDX,16-Feb-2017,157.14,157.37,155.78,155.88,0
SGX.IDX,16-Feb-2017,405.47,406.93,402.46,403.7,0
SGY.IDX,16-Feb-2017,335.11,336.67,330.34,332.12,0
SHEP.IDX,16-Feb-2017,326.69,326.9,324.49,325.06,0
SHEU.IDX,16-Feb-2017,411.95,412.23,409.18,409.91,0
SHTR.IDX,16-Feb-2017,1013.53,1013.94,1005.84,1013.94,0
SHUS.IDX,16-Feb-2017,680.09,680.81,676.07,678.2,0
SIDO.IDX,16-Feb-2017,2013.79,2016.48,2006.53,2015.72,0
SIFD.IDX,16-Feb-2017,85.5,85.5,43.47,71.01,0
SIFI.IDX,16-Feb-2017,86.95,88.4,81.15,85.5,0
SIII.IDX,16-Feb-2017,1318,1334.94,1318,1332.26,0
SIIP.IDX,16-Feb-2017,94.96,94.96,94.39,94.44,0
SIIS.IDX,16-Feb-2017,100.54,100.54,99.93,99.99,0
SIIT.IDX,16-Feb-2017,111.86,111.86,111.19,111.25,0
SIN.IDX,16-Feb-2017,270,270.01,266.66,267.32,0
SIOF.IDX,16-Feb-2017,85.5,86.95,84.05,86.95,0
SIOH.IDX,16-Feb-2017,84.05,84.05,82.6,82.6,0
SIPR.IDX,16-Feb-2017,991.42,998.16,990.75,993.58,0
SIRI.IDX,16-Feb-2017,158.71,158.71,158.33,158.33,0
SIRP.IDX,16-Feb-2017,111.7,111.94,111.4,111.87,0
SIS.IDX,16-Feb-2017,171.98,172.41,171.24,172.41,0
SITH.IDX,16-Feb-2017,82.6,82.6,81.15,81.15,0
SITR.IDX,16-Feb-2017,513.66,516.55,512.9,516.45,0
SITW.IDX,16-Feb-2017,91.3,91.3,82.6,89.85,0
SIUT.IDX,16-Feb-2017,31.98,32.25,31.92,32.03,0
SIV.IDX,16-Feb-2017,18.21,18.28,17.12,17.2,0
SJPA.IDX,16-Feb-2017,1414.25,1415.67,1404.68,1411.42,0
SJPB.IDX,16-Feb-2017,1653.18,1655.53,1641.96,1649.76,0
SJPC.IDX,16-Feb-2017,2665.98,2672.2,2651.76,2666.74,0
SJPD.IDX,16-Feb-2017,1272.75,1273.78,1263.83,1269.68,0
SJPE.IDX,16-Feb-2017,1206.28,1208.44,1202.73,1206.24,0
SJRI.IDX,16-Feb-2017,2618.07,2621.44,2599.43,2616.08,0
SJTR.IDX,16-Feb-2017,936.77,940.95,934.56,940.38,0
SKFD.IDX,16-Feb-2017,82.19,82.19,61.64,65.75,0
SKFI.IDX,16-Feb-2017,78.08,78.08,75.34,78.08,0
SKOF.IDX,16-Feb-2017,87.67,89.04,84.93,84.93,0
SKOH.IDX,16-Feb-2017,89.04,89.04,89.04,89.04,0
SKTH.IDX,16-Feb-2017,89.04,89.04,89.04,89.04,0
SKTR.IDX,16-Feb-2017,538.45,541.33,536.58,538.15,0
SKTW.IDX,16-Feb-2017,78.08,78.08,72.6,75.34,0
SLAC.IDX,16-Feb-2017,5691.43,5724.36,5623.57,5630.17,0
SLCN.IDX,16-Feb-2017,209.33,209.59,208.5,209.24,0
SLCT.IDX,16-Feb-2017,271.86,272.19,270.78,271.73,0
SLCU.IDX,16-Feb-2017,251.36,251.67,250.36,251.24,0
SLEE.IDX,16-Feb-2017,123.07,123.11,121.51,121.57,0
SLER.IDX,16-Feb-2017,66.74,66.76,65.89,65.93,0
SLEW.IDX,16-Feb-2017,1029.14,1029.36,1018.97,1025.52,0
SLFD.IDX,16-Feb-2017,57.14,65.3,42.85,55.1,0
SLFI.IDX,16-Feb-2017,57.14,63.26,55.1,63.26,0
SLOF.IDX,16-Feb-2017,75.51,77.55,73.46,73.46,0
SLOH.IDX,16-Feb-2017,73.46,77.55,73.46,75.51,0
SLPE.IDX,16-Feb-2017,1067.9,1068.21,1057.63,1058.82,0
SLPX.IDX,16-Feb-2017,335.6,336.46,332.32,332.68,0
SLRT.IDX,16-Feb-2017,70.72,70.75,69.82,69.86,0
SLTH.IDX,16-Feb-2017,77.55,79.59,77.55,77.55,0
SLTW.IDX,16-Feb-2017,59.18,61.22,55.1,57.14,0
SLUN.IDX,16-Feb-2017,5274.41,5284.38,5228.67,5266.06,0
SLUT.IDX,16-Feb-2017,7511.91,7557.78,7511.91,7556.93,0
SLV.IDX,16-Feb-2017,17.97,18.14,17.94,18.07,71903
SML.IDX,16-Feb-2017,857.61,858.6,850.63,856.27,272510993
SMPR.IDX,16-Feb-2017,997.62,1004.03,997.03,999.62,0
SMRW.IDX,16-Feb-2017,6364.26,6364.26,6289.36,6319.68,0
SMSS.IDX,16-Feb-2017,6566.46,6566.68,6477.23,6488.45,0
SMTI.IDX,16-Feb-2017,1169.11,1176.62,1168.42,1171.46,0
SMTR.IDX,16-Feb-2017,214.92,215.77,213.02,213.93,0
SMXT.IDX,16-Feb-2017,151.37,151.56,150.32,150.64,0
SNAC.IDX,16-Feb-2017,252.98,254.43,252.56,254.29,0
SNCH.IDX,16-Feb-2017,137.03,137.88,137.03,137.52,0
SNCT.IDX,16-Feb-2017,165.63,167.2,165.63,166.77,0
SNER.IDX,16-Feb-2017,85.99,86.03,84.77,84.82,0
SNNE.IDX,16-Feb-2017,3181.96,3183.26,3160.47,3167.29,0
SNNT.IDX,16-Feb-2017,3809.7,3820.68,3804.04,3818.63,0
SNRE.IDX,16-Feb-2017,2266.17,2268.48,2245.19,2246.38,0
SNRT.IDX,16-Feb-2017,91.12,91.16,89.83,89.88,0
SNRU.IDX,16-Feb-2017,2385.5,2391.83,2381.11,2382.09,0
SNTE.IDX,16-Feb-2017,177.11,178.7,177.11,178.21,0
SNUI.IDX,16-Feb-2017,134.24,134.3,132.34,132.41,0
SOBC.IDX,16-Feb-2017,10.87,10.95,10.63,10.66,0
SOCC.IDX,16-Feb-2017,11.51,11.6,11.3,11.36,0
SOTR.IDX,16-Feb-2017,694.33,694.52,689.81,692.84,0
SOX.IDX,16-Feb-2017,971.02,972.8,965.34,971.24,0
SP500.IDX,16-Feb-2017,2349.64,2351.31,2338.87,2347.22,2086044777
SPAA.IDX,16-Feb-2017,75.48,76.65,75.48,76.13,0
SPAB.IDX,16-Feb-2017,113.09,113.99,112.49,113,0
SPAC.IDX,16-Feb-2017,62.92,63.68,62.72,63.26,0
SPAD.IDX,16-Feb-2017,502.16,507.78,502.16,506.72,0
SPEE.IDX,16-Feb-2017,147.07,147.12,145.48,145.73,0
SPER.IDX,16-Feb-2017,516.43,522.2,516.43,521.12,0
SPEY.IDX,16-Feb-2017,130.68,130.96,130.17,130.36,0
SPFD.IDX,16-Feb-2017,91.89,91.89,51.35,62.16,0
SPFI.IDX,16-Feb-2017,86.48,86.48,70.27,70.27,0
SPIN.IDX,16-Feb-2017,268.44,271.58,268.44,269.98,0
SPIR.IDX,16-Feb-2017,223.09,225.3,223.07,223.97,0
SPLR.IDX,16-Feb-2017,762.84,770.38,762.77,765.86,0
SPOF.IDX,16-Feb-2017,81.08,81.08,72.97,72.97,0
SPOH.IDX,16-Feb-2017,67.56,67.56,59.45,64.86,0
SPPR.IDX,16-Feb-2017,929.36,933.06,928.99,931.61,0
SPRL.IDX,16-Feb-2017,140.5,140.86,139.42,139.74,0
SPRT.IDX,16-Feb-2017,885.31,895.2,885.31,893.34,0
SPSU.IDX,16-Feb-2017,546.04,546.59,543.6,545.62,0
SPTH.IDX,16-Feb-2017,67.56,67.56,59.45,59.45,0
SPTW.IDX,16-Feb-2017,97.29,97.29,78.37,78.37,0
SPUS.IDX,16-Feb-2017,187.69,188.02,187.23,187.92,0
SPX.IDX,16-Feb-2017,2349.64,2351.31,2338.87,2347.22,0
SPXT.IDX,16-Feb-2017,4503.19,4506.37,4482.61,4498.56,0
SQTR.IDX,16-Feb-2017,1417.34,1423.78,1415.44,1419.11,0
SRER.IDX,16-Feb-2017,130.73,130.73,130.42,130.42,0
SRFF.IDX,16-Feb-2017,101.95,101.95,101.95,101.95,0
SRFI.IDX,16-Feb-2017,406.46,406.58,403.21,405.89,0
SRIC.IDX,16-Feb-2017,3205.62,3234.54,3205.62,3225.12,0
SRIE.IDX,16-Feb-2017,3773.19,3784.85,3757.65,3760.74,0
SRMP.IDX,16-Feb-2017,1648.73,1669.67,1648.73,1657.54,0
SRPR.IDX,16-Feb-2017,179.27,180.64,179.02,179.99,0
SRTR.IDX,16-Feb-2017,364.53,368.7,364.53,366.09,0
SRVA.IDX,16-Feb-2017,2597.59,2597.59,2553.96,2555.68,0
SRVB.IDX,16-Feb-2017,2456.95,2458.94,2442.54,2447.16,0
SRVC.IDX,16-Feb-2017,6789.7,6789.7,6692.71,6701.4,0
SRVD.IDX,16-Feb-2017,2622.09,2624.96,2597.83,2599.27,0
SRVE.IDX,16-Feb-2017,2480.13,2497.98,2477.02,2488.9,0
SRVF.IDX,16-Feb-2017,6853.75,6859.9,6807.77,6815.7,0
SRVG.IDX,16-Feb-2017,3215.74,3218.72,3203.43,3205.35,0
SRVH.IDX,16-Feb-2017,3438.67,3448.43,3423.61,3427.89,0
SRVI.IDX,16-Feb-2017,3184.79,3185.71,3149.64,3151.57,0
SRVJ.IDX,16-Feb-2017,3400.44,3400.7,3366.94,3370.4,0
SRWI.IDX,16-Feb-2017,6803.37,6808.97,6767.74,6793.29,0
SS1E.IDX,16-Feb-2017,2510.62,2530.69,2502.32,2508.7,0
SS1J.IDX,16-Feb-2017,2231.71,2237.67,2194.44,2196.27,0
SS2E.IDX,16-Feb-2017,3250.82,3253.35,3215.84,3221.65,0
SS2J.IDX,16-Feb-2017,3286.6,3291.01,3265.95,3288.38,0
SS3E.IDX,16-Feb-2017,9775.22,9787.39,9671.46,9739.42,0
SS3J.IDX,16-Feb-2017,4402.15,4410.79,4371.23,4389.06,0
SS4E.IDX,16-Feb-2017,7113.15,7142.97,7091.32,7114.56,0
SS4J.IDX,16-Feb-2017,3426.08,3427.43,3403.39,3420.98,0
SS5E.IDX,16-Feb-2017,1270.54,1280.85,1270.27,1280.82,0
SS5J.IDX,16-Feb-2017,1100.27,1106.5,1096.48,1100.16,0
SSAE.IDX,16-Feb-2017,432.78,434.15,432.01,433.73,0
SSAI.IDX,16-Feb-2017,650.46,653.1,649.81,652.41,0
SSAU.IDX,16-Feb-2017,448.11,448.99,447.21,448.79,0
SSAX.IDX,16-Feb-2017,3918.61,3938.92,3918.31,3932.12,0
SSBE.IDX,16-Feb-2017,2690.66,2698.97,2679.58,2681.78,0
SSBR.IDX,16-Feb-2017,2299.04,2307.39,2287.65,2300.67,0
SSCA.IDX,16-Feb-2017,254.57,255.79,254.38,255.58,0
SSCB.IDX,16-Feb-2017,269.12,271,268.17,269.18,0
SSCE.IDX,16-Feb-2017,267.67,268.59,267.48,268.42,0
SSCH.IDX,16-Feb-2017,472.03,475.16,471.59,474.79,0
SSCK.IDX,16-Feb-2017,248.72,249.9,248.58,249.16,0
SSCL.IDX,16-Feb-2017,266.26,267.87,264.15,264.23,0
SSCM.IDX,16-Feb-2017,7909.49,7917.98,7874.16,7901.43,0
SSCP.IDX,16-Feb-2017,182.5,183.12,181.89,182.97,0
SSCQ.IDX,16-Feb-2017,451.64,453.85,450.76,453.29,0
SSCS.IDX,16-Feb-2017,347.74,348.83,347.36,348.55,0
SSCU.IDX,16-Feb-2017,343.02,344.3,342.66,344.05,0
SSCW.IDX,16-Feb-2017,277.5,278.4,277.33,278.22,0
SSDI.IDX,16-Feb-2017,7.88,8.11,7.88,8.11,0
SSEC.IDX,16-Feb-2017,3210.36,3230.28,3207.79,3229.62,0
SSEN.IDX,16-Feb-2017,191.55,191.56,189.55,190.07,0
SSER.IDX,16-Feb-2017,223.37,223.39,222.64,222.73,0
SSEW.IDX,16-Feb-2017,313.85,314.31,311.15,311.35,0
SSFA.IDX,16-Feb-2017,311.06,312.18,311.01,311.86,0
SSFB.IDX,16-Feb-2017,36.35,36.37,36.15,36.17,0
SSFD.IDX,16-Feb-2017,58.62,68.96,51.72,62.06,0
SSFE.IDX,16-Feb-2017,295.37,295.6,293.05,293.88,0
SSFI.IDX,16-Feb-2017,68.96,79.31,68.96,72.41,0
SSFP.IDX,16-Feb-2017,355.18,355.78,354.45,355.42,0
SSFT.IDX,16-Feb-2017,215.24,215.42,213.59,213.86,0
SSFU.IDX,16-Feb-2017,259.52,259.52,257.13,257.86,0
SSGA.IDX,16-Feb-2017,187.36,187.64,185.17,185.43,0
SSGC.IDX,16-Feb-2017,256.98,257.27,255.19,255.38,0
SSGD.IDX,16-Feb-2017,2814.92,2827.97,2814.86,2819.37,0
SSGE.IDX,16-Feb-2017,2197.12,2199.31,2172.83,2174.33,0
SSGF.IDX,16-Feb-2017,1310.19,1313.3,1305.95,1310.68,0
SSGG.IDX,16-Feb-2017,271.53,271.6,264.99,266.57,0
SSGH.IDX,16-Feb-2017,2816.28,2827.01,2808.59,2822.97,0
SSGI.IDX,16-Feb-2017,3062.6,3079.69,3062.51,3073.64,0
SSGL.IDX,16-Feb-2017,2042.66,2046.1,2039.35,2044.24,0
SSGM.IDX,16-Feb-2017,2445.13,2451.74,2442.49,2446.24,0
SSGN.IDX,16-Feb-2017,2372.29,2374.72,2365.22,2374.65,0
SSGO.IDX,16-Feb-2017,309.67,311.81,306.24,308.43,0
SSGP.IDX,16-Feb-2017,219.31,219.55,217.77,217.94,0
SSGR.IDX,16-Feb-2017,375.86,376.25,373.21,373.49,0
SSGS.IDX,16-Feb-2017,2694.94,2700.94,2685.99,2700.05,0
SSGT.IDX,16-Feb-2017,1175.67,1179.29,1172,1178.95,0
SSGU.IDX,16-Feb-2017,1375.51,1386.26,1374.17,1386.2,0
SSGX.IDX,16-Feb-2017,487.31,490.67,481.91,485.36,0
SSGZ.IDX,16-Feb-2017,835.33,841.1,826.08,832,0
SSHE.IDX,16-Feb-2017,1323.41,1328.94,1322.65,1324.82,0
SSHF.IDX,16-Feb-2017,188.51,189.02,187.4,187.65,0
SSHJ.IDX,16-Feb-2017,1429.4,1430.01,1418.79,1426.49,0
SSHX.IDX,16-Feb-2017,2018.75,2020.68,2010.22,2015.32,0
SSIA.IDX,16-Feb-2017,111.25,111.52,110.4,111.08,0
SSIB.IDX,16-Feb-2017,41.18,41.28,40.86,41.11,0
SSIC.IDX,16-Feb-2017,70.61,70.78,70.07,70.5,0
SSIP.IDX,16-Feb-2017,112.8,112.8,112.1,112.18,0
SSIS.IDX,16-Feb-2017,123.17,123.17,122.4,122.49,0
SSIT.IDX,16-Feb-2017,132.88,132.88,132.05,132.14,0
SSLF.IDX,16-Feb-2017,1062.39,5177.06,1060.1,5177.06,0
SSLS.IDX,16-Feb-2017,217.84,217.86,217.12,217.21,0
SSMI.IDX,16-Feb-2017,8460.76,8481.98,8437.74,8467.52,0
SSNI.IDX,16-Feb-2017,174.05,174.81,171.56,172.87,0
SSOF.IDX,16-Feb-2017,68.96,68.96,62.06,65.51,0
SSOH.IDX,16-Feb-2017,51.72,55.17,48.27,55.17,0
SSPA.IDX,16-Feb-2017,1460.85,1466.01,1460.44,1462.52,0
SSPE.IDX,16-Feb-2017,1505.42,1507.9,1498.83,1501.16,0
SSPF.IDX,16-Feb-2017,801.49,801.5,793.08,795.25,0
SSPI.IDX,16-Feb-2017,1486.21,1498.95,1486.1,1492.05,0
SSPL.IDX,16-Feb-2017,583.48,586.13,583.34,584.86,0
SSPN.IDX,16-Feb-2017,5377.05,5381.03,5352.04,5371.48,0
SSPT.IDX,16-Feb-2017,1180.1,1188.14,1179.81,1184.38,0
SSPU.IDX,16-Feb-2017,1513.81,1518.15,1507.5,1510.71,0
SSRF.IDX,16-Feb-2017,801.56,802.28,801.08,801.77,0
SSRW.IDX,16-Feb-2017,7553.34,7565.36,7472.92,7517.25,0
SSTH.IDX,16-Feb-2017,44.82,48.27,44.82,48.27,0
SSTR.IDX,16-Feb-2017,285.1,285.14,284.2,284.31,0
SSTU.IDX,16-Feb-2017,378.8,381.42,378.77,381.41,0
SSTW.IDX,16-Feb-2017,75.86,82.75,72.41,75.86,0
SSUC.IDX,16-Feb-2017,273.94,274.36,272.08,272.28,0
SSUP.IDX,16-Feb-2017,62.58,62.67,62.15,62.2,0
SSUT.IDX,16-Feb-2017,107.29,107.45,106.56,106.64,0
SSWP.IDX,16-Feb-2017,91.65,91.78,90.86,90.92,0
SSXT.IDX,16-Feb-2017,204.74,204.79,203.93,204.47,0
STCE.IDX,16-Feb-2017,626.3,626.3,621.31,622.98,0
STCL.IDX,16-Feb-2017,556.04,559.02,554.73,557.27,0
STDA.IDX,16-Feb-2017,114.08,114.22,114.08,114.18,0
STDB.IDX,16-Feb-2017,118.33,118.44,118.33,118.42,0
STDC.IDX,16-Feb-2017,122.21,122.33,122.16,122.3,0
STDD.IDX,16-Feb-2017,125.16,125.29,125.05,125.24,0
STDE.IDX,16-Feb-2017,127.2,127.33,127.03,127.27,0
STDF.IDX,16-Feb-2017,128.59,128.72,128.37,128.65,0
STDG.IDX,16-Feb-2017,129.87,130.01,129.6,129.93,0
STDH.IDX,16-Feb-2017,131.24,131.38,130.93,131.29,0
STDI.IDX,16-Feb-2017,131.5,131.64,131.16,131.54,0
STFE.IDX,16-Feb-2017,1662.58,1662.68,1646.18,1648.71,0
STFU.IDX,16-Feb-2017,1476.74,1483.22,1472.68,1474.78,0
STI.IDX,16-Feb-2017,3088.84,3096.74,3079.11,3096.69,0
STIC.IDX,16-Feb-2017,1266.94,1271.78,1261.51,1261.51,0
STIF.IDX,16-Feb-2017,1955.39,1956.17,1942.23,1946.39,0
STIL.IDX,16-Feb-2017,1005.58,1011.81,995.68,1003.74,0
STIR.IDX,16-Feb-2017,2341.04,2347.79,2337.56,2346.53,0
STIS.IDX,16-Feb-2017,1099.46,1100.89,1091.99,1091.99,0
STMP.IDX,16-Feb-2017,352.98,354.3,349.29,349.47,0
STNC.IDX,16-Feb-2017,744.99,746.79,744.46,746.28,13685000
STNU.IDX,16-Feb-2017,768.82,770.48,768.61,770.48,13747100
STOXX.IDX,16-Feb-2017,3321.59,3327.59,3304.31,3311.04,0
STRA.IDX,16-Feb-2017,135.65,135.76,135.41,135.74,0
STRB.IDX,16-Feb-2017,115.45,115.63,115.42,115.63,0
STRC.IDX,16-Feb-2017,124.57,124.71,124.44,124.71,0
STRD.IDX,16-Feb-2017,114.5,114.71,114.5,114.71,0
STRL.IDX,16-Feb-2017,5508.19,5549.02,5465.45,5471.05,0
STRN.IDX,16-Feb-2017,4057.43,4060.3,4038.88,4053.26,0
STRS.IDX,16-Feb-2017,195.79,196.64,195.6,195.94,0
STRT.IDX,16-Feb-2017,382.55,384.58,381.57,384.31,0
STRU.IDX,16-Feb-2017,942.81,943.54,937.59,942.67,0
STSI.IDX,16-Feb-2017,1335.34,1346.8,1324.13,1330.11,0
STSU.IDX,16-Feb-2017,986.85,987.08,981.4,986.57,0
STSY.IDX,16-Feb-2017,948.47,948.98,941.23,946.31,0
STTR.IDX,16-Feb-2017,1030.01,1037.48,1030.01,1033.09,0
SUCD.IDX,16-Feb-2017,281.41,281.51,279.56,280.17,0
SUCS.IDX,16-Feb-2017,372.24,372.84,370.19,372.5,0
SUEP.IDX,16-Feb-2017,373.19,373.34,366.99,367.35,0
SUFD.IDX,16-Feb-2017,21.42,92.85,21.42,92.85,0
SUFI.IDX,16-Feb-2017,60.71,85.71,60.71,85.71,0
SUFP.IDX,16-Feb-2017,170.55,170.6,169.19,170.31,0
SUHC.IDX,16-Feb-2017,326.58,326.73,323.83,326.11,0
SUIP.IDX,16-Feb-2017,332.99,333.06,331.01,333.06,0
SUJP.IDX,16-Feb-2017,154.75,155.22,153.98,154.86,0
SUKP.IDX,16-Feb-2017,1476.76,1476.76,1467.73,1471.39,0
SUKS.IDX,16-Feb-2017,1122.68,1122.87,1117.05,1117.59,0
SUMI.IDX,16-Feb-2017,277.51,279,276.54,277.36,0
SUNI.IDX,16-Feb-2017,89.73,90.57,88.92,89.22,0
SUOF.IDX,16-Feb-2017,67.85,78.57,67.85,78.57,0
SUOH.IDX,16-Feb-2017,53.57,60.71,53.57,57.14,0
SUPI.IDX,16-Feb-2017,284.07,286.76,284.06,286.76,0
SURI.IDX,16-Feb-2017,313.97,317.98,313.97,315.98,0
SUTH.IDX,16-Feb-2017,42.85,57.14,42.85,57.14,0
SUTP.IDX,16-Feb-2017,125.66,126.24,125.64,125.96,0
SUTW.IDX,16-Feb-2017,60.71,85.71,60.71,85.71,0
SVFD.IDX,16-Feb-2017,91.93,91.93,58.06,77.41,0
SVFI.IDX,16-Feb-2017,88.7,88.7,83.87,85.48,0
SVOF.IDX,16-Feb-2017,87.09,87.09,80.64,87.09,0
SVOH.IDX,16-Feb-2017,72.58,74.19,70.96,74.19,0
SVTH.IDX,16-Feb-2017,70.96,72.58,67.74,72.58,0
SVTR.IDX,16-Feb-2017,101.06,101.95,100.33,100.33,0
SVTW.IDX,16-Feb-2017,90.32,90.32,83.87,87.09,0
SW0B.IDX,16-Feb-2017,56.13,56.21,55.83,55.89,0
SW0C.IDX,16-Feb-2017,73.37,73.56,73.29,73.5,0
SW0D.IDX,16-Feb-2017,96.86,97.11,96.72,97.04,0
SW0E.IDX,16-Feb-2017,110.55,111.04,110.4,110.96,0
SW0F.IDX,16-Feb-2017,129.06,129.69,128.77,129.61,0
SW0G.IDX,16-Feb-2017,139.23,140.43,139.18,140.31,0
SW0H.IDX,16-Feb-2017,65.72,65.91,65.7,65.79,0
SW0I.IDX,16-Feb-2017,112.18,112.92,112.18,112.87,0
SW1A.IDX,16-Feb-2017,46.77,46.96,46.62,46.93,0
SW1B.IDX,16-Feb-2017,397.67,399.11,397.21,398.81,0
SW1C.IDX,16-Feb-2017,259.32,260.22,258.99,259.6,0
SW1J.IDX,16-Feb-2017,78.53,79.03,78.32,78.97,0
SWDI.IDX,16-Feb-2017,8552.62,8569.73,8527.75,8568.96,0
SWDR.IDX,16-Feb-2017,1163.96,1165.62,1159.11,1160.55,0
SWFI.IDX,16-Feb-2017,1022.77,1023.69,1016.68,1022.91,0
SWIB.IDX,16-Feb-2017,2260.45,2271.89,2260.45,2264.61,0
SWIT.IDX,16-Feb-2017,2795.16,2809.4,2791.17,2796.64,0
SWML.IDX,16-Feb-2017,465.56,467.48,461.41,461.64,0
SWSP.IDX,16-Feb-2017,226.04,227.19,224.25,225.53,0
SWTE.IDX,16-Feb-2017,329.49,329.74,328.12,329.5,0
SWTM.IDX,16-Feb-2017,442.94,443.5,439.95,441.73,0
SWTS.IDX,16-Feb-2017,403.07,403.07,399.26,401.45,0
SWTT.IDX,16-Feb-2017,341.68,341.93,340.16,341.58,0
SWTV.IDX,16-Feb-2017,476.67,476.68,473.72,476.44,0
SWUB.IDX,16-Feb-2017,1740.09,1742.05,1723.97,1727.25,0
SWUL.IDX,16-Feb-2017,1068.52,1074.78,1068.4,1074.71,0
SWUT.IDX,16-Feb-2017,2502.08,2506.89,2488.82,2497.65,0
SXTR.IDX,16-Feb-2017,614.33,620.14,614.33,620.13,0
SYFD.IDX,16-Feb-2017,81.39,81.39,34.88,38.37,0
SYFI.IDX,16-Feb-2017,65.11,66.27,62.79,62.79,0
SYOF.IDX,16-Feb-2017,70.93,70.93,66.27,66.27,0
SYOH.IDX,16-Feb-2017,68.6,68.6,67.44,67.44,0
SYTH.IDX,16-Feb-2017,68.6,68.6,66.27,66.27,0
SYTR.IDX,16-Feb-2017,913,913,902.17,907.76,0
SYTW.IDX,16-Feb-2017,74.41,76.74,69.76,72.09,0
SZTR.IDX,16-Feb-2017,1797.96,1799.6,1783.9,1787.7,0
TA25.IDX,16-Feb-2017,1457.96,1458.34,1448.49,1452.67,0
TACK.IDX,16-Feb-2017,10001,10201,9673,10103,0
TACX.IDX,16-Feb-2017,1,201,-327,103,0
TASI.IDX,16-Feb-2017,7073.69,7140.44,7073.53,7131.27,0
TBO.IDX,16-Feb-2017,1822.37,1822.37,1822.37,1822.37,0
TCFD.IDX,16-Feb-2017,66.53,66.53,66.53,66.53,0
TCFI.IDX,16-Feb-2017,69.35,69.35,69.35,69.35,0
TCOF.IDX,16-Feb-2017,70.56,70.56,70.56,70.56,0
TCOH.IDX,16-Feb-2017,69.75,69.75,69.75,69.75,0
TCTH.IDX,16-Feb-2017,72.98,72.98,72.98,72.98,0
TCTW.IDX,16-Feb-2017,72.98,72.98,72.98,72.98,0
TICK.IDX,16-Feb-2017,10008,10681,9280,10318,0
TICX.IDX,16-Feb-2017,8,681,-720,318,0
TNX.IDX,16-Feb-2017,2.47,2.49,2.43,2.45,0
TOB.IDX,16-Feb-2017,1905.93,1905.93,1883.08,1888.17,0
TOOC.IDX,16-Feb-2017,18367.68,18381.31,18329.45,18379.81,227255900
TQCK.IDX,16-Feb-2017,9998,10635,9365,9730,0
TQCX.IDX,16-Feb-2017,-2,635,-635,-270,0
TRA.IDX,16-Feb-2017,4430.72,4440.07,4381.93,4425.11,0
TRCCI.IDX,16-Feb-2017,433.3634,434.2765,431.603,431.6698,0
TRIA.IDX,16-Feb-2017,0.21,1.25,0.21,0.79,0
TRIN.IDX,16-Feb-2017,3.1,3.1,1.02,1.3,0
TRIQ.IDX,16-Feb-2017,0.9,1.02,0.44,0.94,0
TSFD.IDX,16-Feb-2017,68.33,68.33,68.33,68.33,0
TSFI.IDX,16-Feb-2017,65,65,65,65,0
TSOF.IDX,16-Feb-2017,71.66,71.66,71.66,71.66,0
TSOH.IDX,16-Feb-2017,70,70,70,70,0
TSTH.IDX,16-Feb-2017,75,75,75,75,0
TSTW.IDX,16-Feb-2017,66.66,66.66,66.66,66.66,0
TSX.IDX,16-Feb-2017,15842.27,15865.51,15820.7,15864.17,0
TTCD.IDX,16-Feb-2017,185.51,186,185.06,185.81,6907200
TTCS.IDX,16-Feb-2017,517.33,517.5,512.76,517.25,3065300
TTEN.IDX,16-Feb-2017,207.43,207.43,205.47,206.14,43378200
TTFS.IDX,16-Feb-2017,297.74,298.82,297.55,298.32,30649200
TTGD.IDX,16-Feb-2017,225.15,228.57,224.51,228.11,89276800
TTHC.IDX,16-Feb-2017,77.69,78,74.59,75.08,6514100
TTIN.IDX,16-Feb-2017,208.9,209.62,208.31,209.53,20322700
TTMT.IDX,16-Feb-2017,262.95,264.29,261.7,263.27,88136200
TTRE.IDX,16-Feb-2017,293.4,296.27,293.36,296.16,5821100
TTTK.IDX,16-Feb-2017,58.09,58.36,57.91,58.3,4805400
TTTS.IDX,16-Feb-2017,155.23,155.99,154.66,155.89,4642400
TTUT.IDX,16-Feb-2017,239.44,240.24,239.06,239.84,5587400
TVFD.IDX,16-Feb-2017,49.61,49.61,49.61,49.61,0
TVFI.IDX,16-Feb-2017,66.66,66.66,66.66,66.66,0
TVOF.IDX,16-Feb-2017,64.88,64.88,64.88,64.88,0
TVOH.IDX,16-Feb-2017,63.86,63.86,63.86,63.86,0
TVTH.IDX,16-Feb-2017,69.97,69.97,69.97,69.97,0
TVTW.IDX,16-Feb-2017,56.74,56.74,56.74,56.74,0
TWII.IDX,16-Feb-2017,9826.89,9869.59,9753.16,9771.25,0
TXBE.IDX,16-Feb-2017,202.35,202.38,199.01,200.16,66180900
TXBM.IDX,16-Feb-2017,120.75,120.75,118.44,118.89,69241700
TXCT.IDX,16-Feb-2017,135.9,135.9,135.33,135.52,3606700
TXDC.IDX,16-Feb-2017,127.38,127.52,127.14,127.51,143949800
TXDE.IDX,16-Feb-2017,329.16,330.4,328.96,330.14,10470900
TXDV.IDX,16-Feb-2017,274.11,274.63,273.69,274.52,46741100
TXEI.IDX,16-Feb-2017,113.52,113.88,113.43,113.79,38833300
TXEW.IDX,16-Feb-2017,142.83,142.92,142.48,142.92,117678900
TXFO.IDX,16-Feb-2017,998.83,1000.61,997.6,999.93,109577000
TXGM.IDX,16-Feb-2017,72.46,72.68,72.12,72.41,184374200
TXOE.IDX,16-Feb-2017,263.26,263.34,261.82,262.77,23602100
TXPR.IDX,16-Feb-2017,688.86,691.09,688.69,691.09,3061800
TXSC.IDX,16-Feb-2017,1033.76,1034.46,1031.26,1034.28,117678900
TXSI.IDX,16-Feb-2017,115.11,115.51,114.92,115.5,26225800
TXSX.IDX,16-Feb-2017,934.85,935.48,932.59,935.33,117678900
TXTW.IDX,16-Feb-2017,696.13,697.15,693.99,696.13,74949900
TYX.IDX,16-Feb-2017,3.06,3.08,3.03,3.05,0
UNCA.IDX,16-Feb-2017,25,29,13,25,11370200
UNCD.IDX,16-Feb-2017,3,10,3,8,63400
UNCE.IDX,16-Feb-2017,52,163,24,160,15024200
UNCN.IDX,16-Feb-2017,139,139,38,61,126595100
UNCQ.IDX,16-Feb-2017,217,217,109,151,38262600
UNCS.IDX,16-Feb-2017,167,253,167,239,33541300
UNCT.IDX,16-Feb-2017,381,381,180,237,176227800
UNCV.IDX,16-Feb-2017,182,384,182,384,72316300
UNCX.IDX,16-Feb-2017,349,623,349,623,105857600
UOI.IDX,16-Feb-2017,11.38,11.46,11.27,11.41,0
UTY.IDX,16-Feb-2017,620.27,626.23,619.99,626.23,0
UVCA.IDX,16-Feb-2017,0.29,14.01,0.29,11.37,0
UVCD.IDX,16-Feb-2017,0.03,0.21,0.03,0.06,0
UVCE.IDX,16-Feb-2017,0.19,74.89,0.19,15.02,0
UVCN.IDX,16-Feb-2017,3.26,126.59,2.76,126.59,0
UVCQ.IDX,16-Feb-2017,1.71,47.03,1.71,38.26,0
UVCS.IDX,16-Feb-2017,3.06,33.54,3.06,33.54,0
UVCT.IDX,16-Feb-2017,5.27,187.23,5.27,176.22,0
UVCV.IDX,16-Feb-2017,5.28,72.31,5.28,72.31,0
UVCX.IDX,16-Feb-2017,8.35,105.86,8.35,105.85,0
VFTSE.IDX,16-Feb-2017,10.702,11.511,10.226,11.341,0
VFWA.IDX,16-Feb-2017,14.85,15.67,14.81,15.09,0
VFWB.IDX,16-Feb-2017,17.74,18.26,17.42,17.9,0
VFY.IDX,16-Feb-2017,160.08,160.08,160.08,160.08,0
VGH.IDX,16-Feb-2017,96.47,96.47,96.47,96.47,0
VIO.IDX,16-Feb-2017,65.08,65.24,64.28,64.33,0
VIX.IDX,16-Feb-2017,11.97,11.97,11.76,11.76,0
VJW.IDX,16-Feb-2017,106.21,106.21,106.21,106.21,0
VLA.IDX,16-Feb-2017,5503.92,5508.18,5467.87,5484.25,0
VLG.IDX,16-Feb-2017,526.91,527.29,523.42,524.97,0
VVOL.IDX,16-Feb-2017,17.16,17.78,17.01,17.38,0
VWA.IDX,16-Feb-2017,12.49,13.42,12.08,12.11,0
VWB.IDX,16-Feb-2017,11.66,12.28,11.2,11.24,0
VXB.IDX,16-Feb-2017,12.08,12.86,11.69,11.71,0
VXD.IDX,16-Feb-2017,11.79,12.43,11.56,11.6,0
VXDE.IDX,16-Feb-2017,16.86,17.4,16.82,16.96,0
VXJU.IDX,16-Feb-2017,14.25,15.03,14.22,14.35,0
VXMA.IDX,16-Feb-2017,12.19,12.83,11.63,11.65,0
VXO.IDX,16-Feb-2017,10.91,11.92,10.51,10.54,0
VXSE.IDX,16-Feb-2017,15.85,16.5,15.81,15.98,0
VXV.IDX,16-Feb-2017,13.59,14.37,13.54,13.63,0
WIV.IDX,16-Feb-2017,26.31,27.36,25.74,25.98,0
WIX.IDX,16-Feb-2017,26.31,27.36,25.74,25.98,0
XAL.IDX,16-Feb-2017,112.29,112.73,111.55,112,0
XAO.IDX,16-Feb-2017,5859.1,5880.9,5839.8,5863,0
XAU.IDX,16-Feb-2017,93.5,94.96,93.47,94.46,0
XAX.IDX,16-Feb-2017,2466.76,2472.96,2459.56,2470.25,0
XBD.IDX,16-Feb-2017,226.61,227.05,224.18,225.4,0
XBEL.IDX,16-Feb-2017,3619.78,3628.05,3614.08,3619.27,0
XBS.IDX,16-Feb-2017,212.43,212.43,212.43,212.43,0
XCI.IDX,16-Feb-2017,2062.36,2069.62,2057.93,2062.22,0
XDS.IDX,16-Feb-2017,100.02,100.32,99.87,100.28,0
XEO.IDX,16-Feb-2017,1037.91,1038.5,1033.93,1037.56,0
XFI.IDX,16-Feb-2017,141.4268,141.4789,141.0341,141.2338,0
XHL.IDX,16-Feb-2017,75.8931,76.0621,74.9489,74.9562,0
XIBX.IDX,16-Feb-2017,9582.5,9614.6,9526,9554.7,0
XID.IDX,16-Feb-2017,878.1001,883.0999,876.0867,881.6503,0
XII.IDX,16-Feb-2017,1038.08,1038.97,1034.42,1038.04,0
XIT.IDX,16-Feb-2017,67.3939,67.4289,65.6769,65.6769,0
XJO.IDX,16-Feb-2017,5809.1,5833.2,5789.8,5816.3,0
XMI.IDX,16-Feb-2017,2093.27,2098.4,2090.15,2095.91,0
XNA.IDX,16-Feb-2017,374.7529,376.4862,372.0997,373.9361,0
XNG.IDX,16-Feb-2017,620.77,621.3,608.26,608.89,0
XOI.IDX,16-Feb-2017,1226.02,1226.91,1210.07,1211.04,0
XSP.IDX,16-Feb-2017,234.96,235.13,233.89,234.72,0
XSV.IDX,16-Feb-2017,1000.8,1000.8,1000.8,1000.8,0
XTC.IDX,16-Feb-2017,1372.59,1376.62,1370.02,1373.88,0
XTV.IDX,16-Feb-2017,1348.13,1348.13,1348.13,1348.13,0
XU100.IDX,16-Feb-2017,88246.07,88463.91,87997.5,88186.86,0
ZAX.IDX,16-Feb-2017,4431.01,4432.92,4404.87,4421.4,0
